step,lane_id,car_count,waiting_time
0,-E0_0,0,0.0
0,-E10_0,0,0.0
0,-E11_0,0,0.0
0,-E12_0,0,0.0
0,-E13_0,0,0.0
0,-E14_0,0,0.0
0,-E1_0,0,0.0
0,-E2_0,0,0.0
0,-E3_0,0,0.0
0,-E5_0,0,0.0
0,-E6_0,1,0.0
0,-E7_0,0,0.0
0,-E8_0,0,0.0
0,-E9_0,0,0.0
0,:J10_0_0,0,0.0
0,:J10_1_0,0,0.0
0,:J2_0_0,0,0.0
0,:J2_10_0,0,0.0
0,:J2_11_0,0,0.0
0,:J2_12_0,0,0.0
0,:J2_13_0,0,0.0
0,:J2_14_0,0,0.0
0,:J2_15_0,0,0.0
0,:J2_1_0,0,0.0
0,:J2_2_0,0,0.0
0,:J2_3_0,0,0.0
0,:J2_4_0,0,0.0
0,:J2_5_0,0,0.0
0,:J2_6_0,0,0.0
0,:J2_7_0,0,0.0
0,:J2_8_0,0,0.0
0,:J2_9_0,0,0.0
0,:J3_0_0,0,0.0
0,:J3_10_0,0,0.0
0,:J3_11_0,0,0.0
0,:J3_12_0,0,0.0
0,:J3_13_0,0,0.0
0,:J3_14_0,0,0.0
0,:J3_15_0,0,0.0
0,:J3_1_0,0,0.0
0,:J3_2_0,0,0.0
0,:J3_3_0,0,0.0
0,:J3_4_0,0,0.0
0,:J3_5_0,0,0.0
0,:J3_6_0,0,0.0
0,:J3_7_0,0,0.0
0,:J3_8_0,0,0.0
0,:J3_9_0,0,0.0
0,:J4_0_0,0,0.0
0,:J4_10_0,0,0.0
0,:J4_11_0,0,0.0
0,:J4_12_0,0,0.0
0,:J4_13_0,0,0.0
0,:J4_14_0,0,0.0
0,:J4_15_0,0,0.0
0,:J4_1_0,0,0.0
0,:J4_2_0,0,0.0
0,:J4_3_0,0,0.0
0,:J4_4_0,0,0.0
0,:J4_5_0,0,0.0
0,:J4_6_0,0,0.0
0,:J4_7_0,0,0.0
0,:J4_8_0,0,0.0
0,:J4_9_0,0,0.0
0,:J5_0_0,0,0.0
0,:J5_1_0,0,0.0
0,:J5_2_0,0,0.0
0,:J5_3_0,0,0.0
0,:J5_4_0,0,0.0
0,:J5_5_0,0,0.0
0,:J5_6_0,0,0.0
0,:J6_0_0,0,0.0
0,:J6_1_0,0,0.0
0,:J6_2_0,0,0.0
0,:J6_3_0,0,0.0
0,:J6_4_0,0,0.0
0,:J6_5_0,0,0.0
0,:J6_6_0,0,0.0
0,:J7_0_0,0,0.0
0,:J7_1_0,0,0.0
0,:J8_0_0,0,0.0
0,:J8_1_0,0,0.0
0,:J9_0_0,0,0.0
0,:J9_1_0,0,0.0
0,E0_0,0,0.0
0,E10_0,0,0.0
0,E11_0,0,0.0
0,E12_0,0,0.0
0,E13_0,0,0.0
0,E14_0,0,0.0
0,E1_0,0,0.0
0,E2_0,0,0.0
0,E3_0,0,0.0
0,E5_0,0,0.0
0,E6_0,0,0.0
0,E7_0,0,0.0
0,E8_0,0,0.0
0,E9_0,0,0.0
1,-E0_0,0,0.0
1,-E10_0,0,0.0
1,-E11_0,0,0.0
1,-E12_0,0,0.0
1,-E13_0,0,0.0
1,-E14_0,0,0.0
1,-E1_0,0,0.0
1,-E2_0,0,0.0
1,-E3_0,0,0.0
1,-E5_0,0,0.0
1,-E6_0,1,0.0
1,-E7_0,0,0.0
1,-E8_0,0,0.0
1,-E9_0,0,0.0
1,:J10_0_0,0,0.0
1,:J10_1_0,0,0.0
1,:J2_0_0,0,0.0
1,:J2_10_0,0,0.0
1,:J2_11_0,0,0.0
1,:J2_12_0,0,0.0
1,:J2_13_0,0,0.0
1,:J2_14_0,0,0.0
1,:J2_15_0,0,0.0
1,:J2_1_0,0,0.0
1,:J2_2_0,0,0.0
1,:J2_3_0,0,0.0
1,:J2_4_0,0,0.0
1,:J2_5_0,0,0.0
1,:J2_6_0,0,0.0
1,:J2_7_0,0,0.0
1,:J2_8_0,0,0.0
1,:J2_9_0,0,0.0
1,:J3_0_0,0,0.0
1,:J3_10_0,0,0.0
1,:J3_11_0,0,0.0
1,:J3_12_0,0,0.0
1,:J3_13_0,0,0.0
1,:J3_14_0,0,0.0
1,:J3_15_0,0,0.0
1,:J3_1_0,0,0.0
1,:J3_2_0,0,0.0
1,:J3_3_0,0,0.0
1,:J3_4_0,0,0.0
1,:J3_5_0,0,0.0
1,:J3_6_0,0,0.0
1,:J3_7_0,0,0.0
1,:J3_8_0,0,0.0
1,:J3_9_0,0,0.0
1,:J4_0_0,0,0.0
1,:J4_10_0,0,0.0
1,:J4_11_0,0,0.0
1,:J4_12_0,0,0.0
1,:J4_13_0,0,0.0
1,:J4_14_0,0,0.0
1,:J4_15_0,0,0.0
1,:J4_1_0,0,0.0
1,:J4_2_0,0,0.0
1,:J4_3_0,0,0.0
1,:J4_4_0,0,0.0
1,:J4_5_0,0,0.0
1,:J4_6_0,0,0.0
1,:J4_7_0,0,0.0
1,:J4_8_0,0,0.0
1,:J4_9_0,0,0.0
1,:J5_0_0,0,0.0
1,:J5_1_0,0,0.0
1,:J5_2_0,0,0.0
1,:J5_3_0,0,0.0
1,:J5_4_0,0,0.0
1,:J5_5_0,0,0.0
1,:J5_6_0,0,0.0
1,:J6_0_0,0,0.0
1,:J6_1_0,0,0.0
1,:J6_2_0,0,0.0
1,:J6_3_0,0,0.0
1,:J6_4_0,0,0.0
1,:J6_5_0,0,0.0
1,:J6_6_0,0,0.0
1,:J7_0_0,0,0.0
1,:J7_1_0,0,0.0
1,:J8_0_0,0,0.0
1,:J8_1_0,0,0.0
1,:J9_0_0,0,0.0
1,:J9_1_0,0,0.0
1,E0_0,0,0.0
1,E10_0,0,0.0
1,E11_0,0,0.0
1,E12_0,0,0.0
1,E13_0,0,0.0
1,E14_0,0,0.0
1,E1_0,0,0.0
1,E2_0,0,0.0
1,E3_0,0,0.0
1,E5_0,0,0.0
1,E6_0,0,0.0
1,E7_0,0,0.0
1,E8_0,0,0.0
1,E9_0,0,0.0
2,-E0_0,0,0.0
2,-E10_0,0,0.0
2,-E11_0,0,0.0
2,-E12_0,0,0.0
2,-E13_0,0,0.0
2,-E14_0,0,0.0
2,-E1_0,0,0.0
2,-E2_0,0,0.0
2,-E3_0,0,0.0
2,-E5_0,0,0.0
2,-E6_0,1,0.0
2,-E7_0,0,0.0
2,-E8_0,0,0.0
2,-E9_0,0,0.0
2,:J10_0_0,0,0.0
2,:J10_1_0,0,0.0
2,:J2_0_0,0,0.0
2,:J2_10_0,0,0.0
2,:J2_11_0,0,0.0
2,:J2_12_0,0,0.0
2,:J2_13_0,0,0.0
2,:J2_14_0,0,0.0
2,:J2_15_0,0,0.0
2,:J2_1_0,0,0.0
2,:J2_2_0,0,0.0
2,:J2_3_0,0,0.0
2,:J2_4_0,0,0.0
2,:J2_5_0,0,0.0
2,:J2_6_0,0,0.0
2,:J2_7_0,0,0.0
2,:J2_8_0,0,0.0
2,:J2_9_0,0,0.0
2,:J3_0_0,0,0.0
2,:J3_10_0,0,0.0
2,:J3_11_0,0,0.0
2,:J3_12_0,0,0.0
2,:J3_13_0,0,0.0
2,:J3_14_0,0,0.0
2,:J3_15_0,0,0.0
2,:J3_1_0,0,0.0
2,:J3_2_0,0,0.0
2,:J3_3_0,0,0.0
2,:J3_4_0,0,0.0
2,:J3_5_0,0,0.0
2,:J3_6_0,0,0.0
2,:J3_7_0,0,0.0
2,:J3_8_0,0,0.0
2,:J3_9_0,0,0.0
2,:J4_0_0,0,0.0
2,:J4_10_0,0,0.0
2,:J4_11_0,0,0.0
2,:J4_12_0,0,0.0
2,:J4_13_0,0,0.0
2,:J4_14_0,0,0.0
2,:J4_15_0,0,0.0
2,:J4_1_0,0,0.0
2,:J4_2_0,0,0.0
2,:J4_3_0,0,0.0
2,:J4_4_0,0,0.0
2,:J4_5_0,0,0.0
2,:J4_6_0,0,0.0
2,:J4_7_0,0,0.0
2,:J4_8_0,0,0.0
2,:J4_9_0,0,0.0
2,:J5_0_0,0,0.0
2,:J5_1_0,0,0.0
2,:J5_2_0,0,0.0
2,:J5_3_0,0,0.0
2,:J5_4_0,0,0.0
2,:J5_5_0,0,0.0
2,:J5_6_0,0,0.0
2,:J6_0_0,0,0.0
2,:J6_1_0,0,0.0
2,:J6_2_0,0,0.0
2,:J6_3_0,0,0.0
2,:J6_4_0,0,0.0
2,:J6_5_0,0,0.0
2,:J6_6_0,0,0.0
2,:J7_0_0,0,0.0
2,:J7_1_0,0,0.0
2,:J8_0_0,0,0.0
2,:J8_1_0,0,0.0
2,:J9_0_0,0,0.0
2,:J9_1_0,0,0.0
2,E0_0,0,0.0
2,E10_0,0,0.0
2,E11_0,0,0.0
2,E12_0,0,0.0
2,E13_0,0,0.0
2,E14_0,0,0.0
2,E1_0,0,0.0
2,E2_0,0,0.0
2,E3_0,0,0.0
2,E5_0,0,0.0
2,E6_0,0,0.0
2,E7_0,0,0.0
2,E8_0,0,0.0
2,E9_0,0,0.0
3,-E0_0,0,0.0
3,-E10_0,0,0.0
3,-E11_0,0,0.0
3,-E12_0,0,0.0
3,-E13_0,1,0.0
3,-E14_0,0,0.0
3,-E1_0,0,0.0
3,-E2_0,0,0.0
3,-E3_0,0,0.0
3,-E5_0,0,0.0
3,-E6_0,1,0.0
3,-E7_0,0,0.0
3,-E8_0,0,0.0
3,-E9_0,0,0.0
3,:J10_0_0,0,0.0
3,:J10_1_0,0,0.0
3,:J2_0_0,0,0.0
3,:J2_10_0,0,0.0
3,:J2_11_0,0,0.0
3,:J2_12_0,0,0.0
3,:J2_13_0,0,0.0
3,:J2_14_0,0,0.0
3,:J2_15_0,0,0.0
3,:J2_1_0,0,0.0
3,:J2_2_0,0,0.0
3,:J2_3_0,0,0.0
3,:J2_4_0,0,0.0
3,:J2_5_0,0,0.0
3,:J2_6_0,0,0.0
3,:J2_7_0,0,0.0
3,:J2_8_0,0,0.0
3,:J2_9_0,0,0.0
3,:J3_0_0,0,0.0
3,:J3_10_0,0,0.0
3,:J3_11_0,0,0.0
3,:J3_12_0,0,0.0
3,:J3_13_0,0,0.0
3,:J3_14_0,0,0.0
3,:J3_15_0,0,0.0
3,:J3_1_0,0,0.0
3,:J3_2_0,0,0.0
3,:J3_3_0,0,0.0
3,:J3_4_0,0,0.0
3,:J3_5_0,0,0.0
3,:J3_6_0,0,0.0
3,:J3_7_0,0,0.0
3,:J3_8_0,0,0.0
3,:J3_9_0,0,0.0
3,:J4_0_0,0,0.0
3,:J4_10_0,0,0.0
3,:J4_11_0,0,0.0
3,:J4_12_0,0,0.0
3,:J4_13_0,0,0.0
3,:J4_14_0,0,0.0
3,:J4_15_0,0,0.0
3,:J4_1_0,0,0.0
3,:J4_2_0,0,0.0
3,:J4_3_0,0,0.0
3,:J4_4_0,0,0.0
3,:J4_5_0,0,0.0
3,:J4_6_0,0,0.0
3,:J4_7_0,0,0.0
3,:J4_8_0,0,0.0
3,:J4_9_0,0,0.0
3,:J5_0_0,0,0.0
3,:J5_1_0,0,0.0
3,:J5_2_0,0,0.0
3,:J5_3_0,0,0.0
3,:J5_4_0,0,0.0
3,:J5_5_0,0,0.0
3,:J5_6_0,0,0.0
3,:J6_0_0,0,0.0
3,:J6_1_0,0,0.0
3,:J6_2_0,0,0.0
3,:J6_3_0,0,0.0
3,:J6_4_0,0,0.0
3,:J6_5_0,0,0.0
3,:J6_6_0,0,0.0
3,:J7_0_0,0,0.0
3,:J7_1_0,0,0.0
3,:J8_0_0,0,0.0
3,:J8_1_0,0,0.0
3,:J9_0_0,0,0.0
3,:J9_1_0,0,0.0
3,E0_0,0,0.0
3,E10_0,0,0.0
3,E11_0,0,0.0
3,E12_0,0,0.0
3,E13_0,0,0.0
3,E14_0,0,0.0
3,E1_0,0,0.0
3,E2_0,0,0.0
3,E3_0,0,0.0
3,E5_0,0,0.0
3,E6_0,0,0.0
3,E7_0,0,0.0
3,E8_0,0,0.0
3,E9_0,0,0.0
4,-E0_0,0,0.0
4,-E10_0,0,0.0
4,-E11_0,0,0.0
4,-E12_0,0,0.0
4,-E13_0,1,0.0
4,-E14_0,0,0.0
4,-E1_0,0,0.0
4,-E2_0,0,0.0
4,-E3_0,0,0.0
4,-E5_0,0,0.0
4,-E6_0,1,0.0
4,-E7_0,0,0.0
4,-E8_0,0,0.0
4,-E9_0,0,0.0
4,:J10_0_0,0,0.0
4,:J10_1_0,0,0.0
4,:J2_0_0,0,0.0
4,:J2_10_0,0,0.0
4,:J2_11_0,0,0.0
4,:J2_12_0,0,0.0
4,:J2_13_0,0,0.0
4,:J2_14_0,0,0.0
4,:J2_15_0,0,0.0
4,:J2_1_0,0,0.0
4,:J2_2_0,0,0.0
4,:J2_3_0,0,0.0
4,:J2_4_0,0,0.0
4,:J2_5_0,0,0.0
4,:J2_6_0,0,0.0
4,:J2_7_0,0,0.0
4,:J2_8_0,0,0.0
4,:J2_9_0,0,0.0
4,:J3_0_0,0,0.0
4,:J3_10_0,0,0.0
4,:J3_11_0,0,0.0
4,:J3_12_0,0,0.0
4,:J3_13_0,0,0.0
4,:J3_14_0,0,0.0
4,:J3_15_0,0,0.0
4,:J3_1_0,0,0.0
4,:J3_2_0,0,0.0
4,:J3_3_0,0,0.0
4,:J3_4_0,0,0.0
4,:J3_5_0,0,0.0
4,:J3_6_0,0,0.0
4,:J3_7_0,0,0.0
4,:J3_8_0,0,0.0
4,:J3_9_0,0,0.0
4,:J4_0_0,0,0.0
4,:J4_10_0,0,0.0
4,:J4_11_0,0,0.0
4,:J4_12_0,0,0.0
4,:J4_13_0,0,0.0
4,:J4_14_0,0,0.0
4,:J4_15_0,0,0.0
4,:J4_1_0,0,0.0
4,:J4_2_0,0,0.0
4,:J4_3_0,0,0.0
4,:J4_4_0,0,0.0
4,:J4_5_0,0,0.0
4,:J4_6_0,0,0.0
4,:J4_7_0,0,0.0
4,:J4_8_0,0,0.0
4,:J4_9_0,0,0.0
4,:J5_0_0,0,0.0
4,:J5_1_0,0,0.0
4,:J5_2_0,0,0.0
4,:J5_3_0,0,0.0
4,:J5_4_0,0,0.0
4,:J5_5_0,0,0.0
4,:J5_6_0,0,0.0
4,:J6_0_0,0,0.0
4,:J6_1_0,0,0.0
4,:J6_2_0,0,0.0
4,:J6_3_0,0,0.0
4,:J6_4_0,0,0.0
4,:J6_5_0,0,0.0
4,:J6_6_0,0,0.0
4,:J7_0_0,0,0.0
4,:J7_1_0,0,0.0
4,:J8_0_0,0,0.0
4,:J8_1_0,0,0.0
4,:J9_0_0,0,0.0
4,:J9_1_0,0,0.0
4,E0_0,0,0.0
4,E10_0,0,0.0
4,E11_0,0,0.0
4,E12_0,0,0.0
4,E13_0,0,0.0
4,E14_0,0,0.0
4,E1_0,0,0.0
4,E2_0,0,0.0
4,E3_0,0,0.0
4,E5_0,0,0.0
4,E6_0,0,0.0
4,E7_0,0,0.0
4,E8_0,0,0.0
4,E9_0,0,0.0
5,-E0_0,0,0.0
5,-E10_0,0,0.0
5,-E11_0,0,0.0
5,-E12_0,0,0.0
5,-E13_0,1,0.0
5,-E14_0,0,0.0
5,-E1_0,0,0.0
5,-E2_0,0,0.0
5,-E3_0,0,0.0
5,-E5_0,0,0.0
5,-E6_0,1,0.0
5,-E7_0,0,0.0
5,-E8_0,0,0.0
5,-E9_0,0,0.0
5,:J10_0_0,0,0.0
5,:J10_1_0,0,0.0
5,:J2_0_0,0,0.0
5,:J2_10_0,0,0.0
5,:J2_11_0,0,0.0
5,:J2_12_0,0,0.0
5,:J2_13_0,0,0.0
5,:J2_14_0,0,0.0
5,:J2_15_0,0,0.0
5,:J2_1_0,0,0.0
5,:J2_2_0,0,0.0
5,:J2_3_0,0,0.0
5,:J2_4_0,0,0.0
5,:J2_5_0,0,0.0
5,:J2_6_0,0,0.0
5,:J2_7_0,0,0.0
5,:J2_8_0,0,0.0
5,:J2_9_0,0,0.0
5,:J3_0_0,0,0.0
5,:J3_10_0,0,0.0
5,:J3_11_0,0,0.0
5,:J3_12_0,0,0.0
5,:J3_13_0,0,0.0
5,:J3_14_0,0,0.0
5,:J3_15_0,0,0.0
5,:J3_1_0,0,0.0
5,:J3_2_0,0,0.0
5,:J3_3_0,0,0.0
5,:J3_4_0,0,0.0
5,:J3_5_0,0,0.0
5,:J3_6_0,0,0.0
5,:J3_7_0,0,0.0
5,:J3_8_0,0,0.0
5,:J3_9_0,0,0.0
5,:J4_0_0,0,0.0
5,:J4_10_0,0,0.0
5,:J4_11_0,0,0.0
5,:J4_12_0,0,0.0
5,:J4_13_0,0,0.0
5,:J4_14_0,0,0.0
5,:J4_15_0,0,0.0
5,:J4_1_0,0,0.0
5,:J4_2_0,0,0.0
5,:J4_3_0,0,0.0
5,:J4_4_0,0,0.0
5,:J4_5_0,0,0.0
5,:J4_6_0,0,0.0
5,:J4_7_0,0,0.0
5,:J4_8_0,0,0.0
5,:J4_9_0,0,0.0
5,:J5_0_0,0,0.0
5,:J5_1_0,0,0.0
5,:J5_2_0,0,0.0
5,:J5_3_0,0,0.0
5,:J5_4_0,0,0.0
5,:J5_5_0,0,0.0
5,:J5_6_0,0,0.0
5,:J6_0_0,0,0.0
5,:J6_1_0,0,0.0
5,:J6_2_0,0,0.0
5,:J6_3_0,0,0.0
5,:J6_4_0,0,0.0
5,:J6_5_0,0,0.0
5,:J6_6_0,0,0.0
5,:J7_0_0,0,0.0
5,:J7_1_0,0,0.0
5,:J8_0_0,0,0.0
5,:J8_1_0,0,0.0
5,:J9_0_0,0,0.0
5,:J9_1_0,0,0.0
5,E0_0,1,0.0
5,E10_0,0,0.0
5,E11_0,0,0.0
5,E12_0,0,0.0
5,E13_0,0,0.0
5,E14_0,0,0.0
5,E1_0,0,0.0
5,E2_0,0,0.0
5,E3_0,0,0.0
5,E5_0,0,0.0
5,E6_0,0,0.0
5,E7_0,0,0.0
5,E8_0,0,0.0
5,E9_0,0,0.0
6,-E0_0,0,0.0
6,-E10_0,0,0.0
6,-E11_0,0,0.0
6,-E12_0,0,0.0
6,-E13_0,1,0.0
6,-E14_0,0,0.0
6,-E1_0,0,0.0
6,-E2_0,0,0.0
6,-E3_0,0,0.0
6,-E5_0,0,0.0
6,-E6_0,1,0.0
6,-E7_0,0,0.0
6,-E8_0,0,0.0
6,-E9_0,0,0.0
6,:J10_0_0,0,0.0
6,:J10_1_0,0,0.0
6,:J2_0_0,0,0.0
6,:J2_10_0,0,0.0
6,:J2_11_0,0,0.0
6,:J2_12_0,0,0.0
6,:J2_13_0,0,0.0
6,:J2_14_0,0,0.0
6,:J2_15_0,0,0.0
6,:J2_1_0,0,0.0
6,:J2_2_0,0,0.0
6,:J2_3_0,0,0.0
6,:J2_4_0,0,0.0
6,:J2_5_0,0,0.0
6,:J2_6_0,0,0.0
6,:J2_7_0,0,0.0
6,:J2_8_0,0,0.0
6,:J2_9_0,0,0.0
6,:J3_0_0,0,0.0
6,:J3_10_0,0,0.0
6,:J3_11_0,0,0.0
6,:J3_12_0,0,0.0
6,:J3_13_0,0,0.0
6,:J3_14_0,0,0.0
6,:J3_15_0,0,0.0
6,:J3_1_0,0,0.0
6,:J3_2_0,0,0.0
6,:J3_3_0,0,0.0
6,:J3_4_0,0,0.0
6,:J3_5_0,0,0.0
6,:J3_6_0,0,0.0
6,:J3_7_0,0,0.0
6,:J3_8_0,0,0.0
6,:J3_9_0,0,0.0
6,:J4_0_0,0,0.0
6,:J4_10_0,0,0.0
6,:J4_11_0,0,0.0
6,:J4_12_0,0,0.0
6,:J4_13_0,0,0.0
6,:J4_14_0,0,0.0
6,:J4_15_0,0,0.0
6,:J4_1_0,0,0.0
6,:J4_2_0,0,0.0
6,:J4_3_0,0,0.0
6,:J4_4_0,0,0.0
6,:J4_5_0,0,0.0
6,:J4_6_0,0,0.0
6,:J4_7_0,0,0.0
6,:J4_8_0,0,0.0
6,:J4_9_0,0,0.0
6,:J5_0_0,0,0.0
6,:J5_1_0,0,0.0
6,:J5_2_0,0,0.0
6,:J5_3_0,0,0.0
6,:J5_4_0,0,0.0
6,:J5_5_0,0,0.0
6,:J5_6_0,0,0.0
6,:J6_0_0,0,0.0
6,:J6_1_0,0,0.0
6,:J6_2_0,0,0.0
6,:J6_3_0,0,0.0
6,:J6_4_0,0,0.0
6,:J6_5_0,0,0.0
6,:J6_6_0,0,0.0
6,:J7_0_0,0,0.0
6,:J7_1_0,0,0.0
6,:J8_0_0,0,0.0
6,:J8_1_0,0,0.0
6,:J9_0_0,0,0.0
6,:J9_1_0,0,0.0
6,E0_0,1,0.0
6,E10_0,0,0.0
6,E11_0,0,0.0
6,E12_0,0,0.0
6,E13_0,0,0.0
6,E14_0,0,0.0
6,E1_0,0,0.0
6,E2_0,0,0.0
6,E3_0,0,0.0
6,E5_0,0,0.0
6,E6_0,0,0.0
6,E7_0,0,0.0
6,E8_0,0,0.0
6,E9_0,0,0.0
7,-E0_0,0,0.0
7,-E10_0,0,0.0
7,-E11_0,0,0.0
7,-E12_0,0,0.0
7,-E13_0,1,0.0
7,-E14_0,0,0.0
7,-E1_0,0,0.0
7,-E2_0,0,0.0
7,-E3_0,0,0.0
7,-E5_0,0,0.0
7,-E6_0,1,0.0
7,-E7_0,0,0.0
7,-E8_0,0,0.0
7,-E9_0,0,0.0
7,:J10_0_0,0,0.0
7,:J10_1_0,0,0.0
7,:J2_0_0,0,0.0
7,:J2_10_0,0,0.0
7,:J2_11_0,0,0.0
7,:J2_12_0,0,0.0
7,:J2_13_0,0,0.0
7,:J2_14_0,0,0.0
7,:J2_15_0,0,0.0
7,:J2_1_0,0,0.0
7,:J2_2_0,0,0.0
7,:J2_3_0,0,0.0
7,:J2_4_0,0,0.0
7,:J2_5_0,0,0.0
7,:J2_6_0,0,0.0
7,:J2_7_0,0,0.0
7,:J2_8_0,0,0.0
7,:J2_9_0,0,0.0
7,:J3_0_0,0,0.0
7,:J3_10_0,0,0.0
7,:J3_11_0,0,0.0
7,:J3_12_0,0,0.0
7,:J3_13_0,0,0.0
7,:J3_14_0,0,0.0
7,:J3_15_0,0,0.0
7,:J3_1_0,0,0.0
7,:J3_2_0,0,0.0
7,:J3_3_0,0,0.0
7,:J3_4_0,0,0.0
7,:J3_5_0,0,0.0
7,:J3_6_0,0,0.0
7,:J3_7_0,0,0.0
7,:J3_8_0,0,0.0
7,:J3_9_0,0,0.0
7,:J4_0_0,0,0.0
7,:J4_10_0,0,0.0
7,:J4_11_0,0,0.0
7,:J4_12_0,0,0.0
7,:J4_13_0,0,0.0
7,:J4_14_0,0,0.0
7,:J4_15_0,0,0.0
7,:J4_1_0,0,0.0
7,:J4_2_0,0,0.0
7,:J4_3_0,0,0.0
7,:J4_4_0,0,0.0
7,:J4_5_0,0,0.0
7,:J4_6_0,0,0.0
7,:J4_7_0,0,0.0
7,:J4_8_0,0,0.0
7,:J4_9_0,0,0.0
7,:J5_0_0,0,0.0
7,:J5_1_0,0,0.0
7,:J5_2_0,0,0.0
7,:J5_3_0,0,0.0
7,:J5_4_0,0,0.0
7,:J5_5_0,0,0.0
7,:J5_6_0,0,0.0
7,:J6_0_0,0,0.0
7,:J6_1_0,0,0.0
7,:J6_2_0,0,0.0
7,:J6_3_0,0,0.0
7,:J6_4_0,0,0.0
7,:J6_5_0,0,0.0
7,:J6_6_0,0,0.0
7,:J7_0_0,0,0.0
7,:J7_1_0,0,0.0
7,:J8_0_0,0,0.0
7,:J8_1_0,0,0.0
7,:J9_0_0,0,0.0
7,:J9_1_0,0,0.0
7,E0_0,1,0.0
7,E10_0,0,0.0
7,E11_0,0,0.0
7,E12_0,0,0.0
7,E13_0,0,0.0
7,E14_0,0,0.0
7,E1_0,0,0.0
7,E2_0,0,0.0
7,E3_0,0,0.0
7,E5_0,0,0.0
7,E6_0,0,0.0
7,E7_0,0,0.0
7,E8_0,0,0.0
7,E9_0,0,0.0
8,-E0_0,0,0.0
8,-E10_0,0,0.0
8,-E11_0,0,0.0
8,-E12_0,0,0.0
8,-E13_0,1,0.0
8,-E14_0,0,0.0
8,-E1_0,0,0.0
8,-E2_0,0,0.0
8,-E3_0,0,0.0
8,-E5_0,0,0.0
8,-E6_0,1,0.0
8,-E7_0,0,0.0
8,-E8_0,0,0.0
8,-E9_0,0,0.0
8,:J10_0_0,0,0.0
8,:J10_1_0,0,0.0
8,:J2_0_0,0,0.0
8,:J2_10_0,0,0.0
8,:J2_11_0,0,0.0
8,:J2_12_0,0,0.0
8,:J2_13_0,0,0.0
8,:J2_14_0,0,0.0
8,:J2_15_0,0,0.0
8,:J2_1_0,0,0.0
8,:J2_2_0,0,0.0
8,:J2_3_0,0,0.0
8,:J2_4_0,0,0.0
8,:J2_5_0,0,0.0
8,:J2_6_0,0,0.0
8,:J2_7_0,0,0.0
8,:J2_8_0,0,0.0
8,:J2_9_0,0,0.0
8,:J3_0_0,0,0.0
8,:J3_10_0,0,0.0
8,:J3_11_0,0,0.0
8,:J3_12_0,0,0.0
8,:J3_13_0,0,0.0
8,:J3_14_0,0,0.0
8,:J3_15_0,0,0.0
8,:J3_1_0,0,0.0
8,:J3_2_0,0,0.0
8,:J3_3_0,0,0.0
8,:J3_4_0,0,0.0
8,:J3_5_0,0,0.0
8,:J3_6_0,0,0.0
8,:J3_7_0,0,0.0
8,:J3_8_0,0,0.0
8,:J3_9_0,0,0.0
8,:J4_0_0,0,0.0
8,:J4_10_0,0,0.0
8,:J4_11_0,0,0.0
8,:J4_12_0,0,0.0
8,:J4_13_0,0,0.0
8,:J4_14_0,0,0.0
8,:J4_15_0,0,0.0
8,:J4_1_0,0,0.0
8,:J4_2_0,0,0.0
8,:J4_3_0,0,0.0
8,:J4_4_0,0,0.0
8,:J4_5_0,0,0.0
8,:J4_6_0,0,0.0
8,:J4_7_0,0,0.0
8,:J4_8_0,0,0.0
8,:J4_9_0,0,0.0
8,:J5_0_0,0,0.0
8,:J5_1_0,0,0.0
8,:J5_2_0,0,0.0
8,:J5_3_0,0,0.0
8,:J5_4_0,0,0.0
8,:J5_5_0,0,0.0
8,:J5_6_0,0,0.0
8,:J6_0_0,0,0.0
8,:J6_1_0,0,0.0
8,:J6_2_0,0,0.0
8,:J6_3_0,0,0.0
8,:J6_4_0,0,0.0
8,:J6_5_0,0,0.0
8,:J6_6_0,0,0.0
8,:J7_0_0,0,0.0
8,:J7_1_0,0,0.0
8,:J8_0_0,0,0.0
8,:J8_1_0,0,0.0
8,:J9_0_0,0,0.0
8,:J9_1_0,0,0.0
8,E0_0,1,0.0
8,E10_0,0,0.0
8,E11_0,0,0.0
8,E12_0,0,0.0
8,E13_0,0,0.0
8,E14_0,0,0.0
8,E1_0,0,0.0
8,E2_0,0,0.0
8,E3_0,0,0.0
8,E5_0,1,0.0
8,E6_0,0,0.0
8,E7_0,0,0.0
8,E8_0,0,0.0
8,E9_0,0,0.0
9,-E0_0,0,0.0
9,-E10_0,0,0.0
9,-E11_0,0,0.0
9,-E12_0,0,0.0
9,-E13_0,1,0.0
9,-E14_0,0,0.0
9,-E1_0,0,0.0
9,-E2_0,0,0.0
9,-E3_0,0,0.0
9,-E5_0,0,0.0
9,-E6_0,1,0.0
9,-E7_0,0,0.0
9,-E8_0,0,0.0
9,-E9_0,0,0.0
9,:J10_0_0,0,0.0
9,:J10_1_0,0,0.0
9,:J2_0_0,0,0.0
9,:J2_10_0,0,0.0
9,:J2_11_0,0,0.0
9,:J2_12_0,0,0.0
9,:J2_13_0,0,0.0
9,:J2_14_0,0,0.0
9,:J2_15_0,0,0.0
9,:J2_1_0,0,0.0
9,:J2_2_0,0,0.0
9,:J2_3_0,0,0.0
9,:J2_4_0,0,0.0
9,:J2_5_0,0,0.0
9,:J2_6_0,0,0.0
9,:J2_7_0,0,0.0
9,:J2_8_0,0,0.0
9,:J2_9_0,0,0.0
9,:J3_0_0,0,0.0
9,:J3_10_0,0,0.0
9,:J3_11_0,0,0.0
9,:J3_12_0,0,0.0
9,:J3_13_0,0,0.0
9,:J3_14_0,0,0.0
9,:J3_15_0,0,0.0
9,:J3_1_0,0,0.0
9,:J3_2_0,0,0.0
9,:J3_3_0,0,0.0
9,:J3_4_0,0,0.0
9,:J3_5_0,0,0.0
9,:J3_6_0,0,0.0
9,:J3_7_0,0,0.0
9,:J3_8_0,0,0.0
9,:J3_9_0,0,0.0
9,:J4_0_0,0,0.0
9,:J4_10_0,0,0.0
9,:J4_11_0,0,0.0
9,:J4_12_0,0,0.0
9,:J4_13_0,0,0.0
9,:J4_14_0,0,0.0
9,:J4_15_0,0,0.0
9,:J4_1_0,0,0.0
9,:J4_2_0,0,0.0
9,:J4_3_0,0,0.0
9,:J4_4_0,0,0.0
9,:J4_5_0,0,0.0
9,:J4_6_0,0,0.0
9,:J4_7_0,0,0.0
9,:J4_8_0,0,0.0
9,:J4_9_0,0,0.0
9,:J5_0_0,0,0.0
9,:J5_1_0,0,0.0
9,:J5_2_0,0,0.0
9,:J5_3_0,0,0.0
9,:J5_4_0,0,0.0
9,:J5_5_0,0,0.0
9,:J5_6_0,0,0.0
9,:J6_0_0,0,0.0
9,:J6_1_0,0,0.0
9,:J6_2_0,0,0.0
9,:J6_3_0,0,0.0
9,:J6_4_0,0,0.0
9,:J6_5_0,0,0.0
9,:J6_6_0,0,0.0
9,:J7_0_0,0,0.0
9,:J7_1_0,0,0.0
9,:J8_0_0,0,0.0
9,:J8_1_0,0,0.0
9,:J9_0_0,0,0.0
9,:J9_1_0,0,0.0
9,E0_0,1,0.0
9,E10_0,0,0.0
9,E11_0,0,0.0
9,E12_0,0,0.0
9,E13_0,0,0.0
9,E14_0,0,0.0
9,E1_0,0,0.0
9,E2_0,0,0.0
9,E3_0,0,0.0
9,E5_0,1,0.0
9,E6_0,0,0.0
9,E7_0,0,0.0
9,E8_0,0,0.0
9,E9_0,0,0.0
10,-E0_0,0,0.0
10,-E10_0,0,0.0
10,-E11_0,0,0.0
10,-E12_0,0,0.0
10,-E13_0,1,0.0
10,-E14_0,1,0.0
10,-E1_0,0,0.0
10,-E2_0,0,0.0
10,-E3_0,0,0.0
10,-E5_0,0,0.0
10,-E6_0,1,0.0
10,-E7_0,0,0.0
10,-E8_0,0,0.0
10,-E9_0,0,0.0
10,:J10_0_0,0,0.0
10,:J10_1_0,0,0.0
10,:J2_0_0,0,0.0
10,:J2_10_0,0,0.0
10,:J2_11_0,0,0.0
10,:J2_12_0,0,0.0
10,:J2_13_0,0,0.0
10,:J2_14_0,0,0.0
10,:J2_15_0,0,0.0
10,:J2_1_0,0,0.0
10,:J2_2_0,0,0.0
10,:J2_3_0,0,0.0
10,:J2_4_0,0,0.0
10,:J2_5_0,0,0.0
10,:J2_6_0,0,0.0
10,:J2_7_0,0,0.0
10,:J2_8_0,0,0.0
10,:J2_9_0,0,0.0
10,:J3_0_0,0,0.0
10,:J3_10_0,0,0.0
10,:J3_11_0,0,0.0
10,:J3_12_0,0,0.0
10,:J3_13_0,0,0.0
10,:J3_14_0,0,0.0
10,:J3_15_0,0,0.0
10,:J3_1_0,0,0.0
10,:J3_2_0,0,0.0
10,:J3_3_0,0,0.0
10,:J3_4_0,0,0.0
10,:J3_5_0,0,0.0
10,:J3_6_0,0,0.0
10,:J3_7_0,0,0.0
10,:J3_8_0,0,0.0
10,:J3_9_0,0,0.0
10,:J4_0_0,0,0.0
10,:J4_10_0,0,0.0
10,:J4_11_0,0,0.0
10,:J4_12_0,0,0.0
10,:J4_13_0,0,0.0
10,:J4_14_0,0,0.0
10,:J4_15_0,0,0.0
10,:J4_1_0,0,0.0
10,:J4_2_0,0,0.0
10,:J4_3_0,0,0.0
10,:J4_4_0,0,0.0
10,:J4_5_0,0,0.0
10,:J4_6_0,0,0.0
10,:J4_7_0,0,0.0
10,:J4_8_0,0,0.0
10,:J4_9_0,0,0.0
10,:J5_0_0,0,0.0
10,:J5_1_0,0,0.0
10,:J5_2_0,0,0.0
10,:J5_3_0,0,0.0
10,:J5_4_0,0,0.0
10,:J5_5_0,0,0.0
10,:J5_6_0,0,0.0
10,:J6_0_0,0,0.0
10,:J6_1_0,0,0.0
10,:J6_2_0,0,0.0
10,:J6_3_0,0,0.0
10,:J6_4_0,0,0.0
10,:J6_5_0,0,0.0
10,:J6_6_0,0,0.0
10,:J7_0_0,0,0.0
10,:J7_1_0,0,0.0
10,:J8_0_0,0,0.0
10,:J8_1_0,0,0.0
10,:J9_0_0,0,0.0
10,:J9_1_0,0,0.0
10,E0_0,1,0.0
10,E10_0,0,0.0
10,E11_0,0,0.0
10,E12_0,0,0.0
10,E13_0,0,0.0
10,E14_0,0,0.0
10,E1_0,0,0.0
10,E2_0,0,0.0
10,E3_0,0,0.0
10,E5_0,1,0.0
10,E6_0,0,0.0
10,E7_0,0,0.0
10,E8_0,0,0.0
10,E9_0,0,0.0
11,-E0_0,0,0.0
11,-E10_0,0,0.0
11,-E11_0,0,0.0
11,-E12_0,0,0.0
11,-E13_0,1,0.0
11,-E14_0,1,0.0
11,-E1_0,0,0.0
11,-E2_0,0,0.0
11,-E3_0,0,0.0
11,-E5_0,0,0.0
11,-E6_0,1,0.0
11,-E7_0,0,0.0
11,-E8_0,0,0.0
11,-E9_0,0,0.0
11,:J10_0_0,0,0.0
11,:J10_1_0,0,0.0
11,:J2_0_0,0,0.0
11,:J2_10_0,0,0.0
11,:J2_11_0,0,0.0
11,:J2_12_0,0,0.0
11,:J2_13_0,0,0.0
11,:J2_14_0,0,0.0
11,:J2_15_0,0,0.0
11,:J2_1_0,0,0.0
11,:J2_2_0,0,0.0
11,:J2_3_0,0,0.0
11,:J2_4_0,0,0.0
11,:J2_5_0,0,0.0
11,:J2_6_0,0,0.0
11,:J2_7_0,0,0.0
11,:J2_8_0,0,0.0
11,:J2_9_0,0,0.0
11,:J3_0_0,0,0.0
11,:J3_10_0,0,0.0
11,:J3_11_0,0,0.0
11,:J3_12_0,0,0.0
11,:J3_13_0,0,0.0
11,:J3_14_0,0,0.0
11,:J3_15_0,0,0.0
11,:J3_1_0,0,0.0
11,:J3_2_0,0,0.0
11,:J3_3_0,0,0.0
11,:J3_4_0,0,0.0
11,:J3_5_0,0,0.0
11,:J3_6_0,0,0.0
11,:J3_7_0,0,0.0
11,:J3_8_0,0,0.0
11,:J3_9_0,0,0.0
11,:J4_0_0,0,0.0
11,:J4_10_0,0,0.0
11,:J4_11_0,0,0.0
11,:J4_12_0,0,0.0
11,:J4_13_0,0,0.0
11,:J4_14_0,0,0.0
11,:J4_15_0,0,0.0
11,:J4_1_0,0,0.0
11,:J4_2_0,0,0.0
11,:J4_3_0,0,0.0
11,:J4_4_0,0,0.0
11,:J4_5_0,0,0.0
11,:J4_6_0,0,0.0
11,:J4_7_0,0,0.0
11,:J4_8_0,0,0.0
11,:J4_9_0,0,0.0
11,:J5_0_0,0,0.0
11,:J5_1_0,0,0.0
11,:J5_2_0,0,0.0
11,:J5_3_0,0,0.0
11,:J5_4_0,0,0.0
11,:J5_5_0,0,0.0
11,:J5_6_0,0,0.0
11,:J6_0_0,0,0.0
11,:J6_1_0,0,0.0
11,:J6_2_0,0,0.0
11,:J6_3_0,0,0.0
11,:J6_4_0,0,0.0
11,:J6_5_0,0,0.0
11,:J6_6_0,0,0.0
11,:J7_0_0,0,0.0
11,:J7_1_0,0,0.0
11,:J8_0_0,0,0.0
11,:J8_1_0,0,0.0
11,:J9_0_0,0,0.0
11,:J9_1_0,0,0.0
11,E0_0,1,0.0
11,E10_0,0,0.0
11,E11_0,0,0.0
11,E12_0,0,0.0
11,E13_0,0,0.0
11,E14_0,0,0.0
11,E1_0,0,0.0
11,E2_0,0,0.0
11,E3_0,0,0.0
11,E5_0,1,0.0
11,E6_0,0,0.0
11,E7_0,0,0.0
11,E8_0,0,0.0
11,E9_0,0,0.0
12,-E0_0,0,0.0
12,-E10_0,0,0.0
12,-E11_0,0,0.0
12,-E12_0,0,0.0
12,-E13_0,1,0.0
12,-E14_0,1,0.0
12,-E1_0,0,0.0
12,-E2_0,0,0.0
12,-E3_0,0,0.0
12,-E5_0,0,0.0
12,-E6_0,1,0.0
12,-E7_0,0,0.0
12,-E8_0,0,0.0
12,-E9_0,0,0.0
12,:J10_0_0,0,0.0
12,:J10_1_0,0,0.0
12,:J2_0_0,0,0.0
12,:J2_10_0,0,0.0
12,:J2_11_0,0,0.0
12,:J2_12_0,0,0.0
12,:J2_13_0,0,0.0
12,:J2_14_0,0,0.0
12,:J2_15_0,0,0.0
12,:J2_1_0,0,0.0
12,:J2_2_0,0,0.0
12,:J2_3_0,0,0.0
12,:J2_4_0,0,0.0
12,:J2_5_0,0,0.0
12,:J2_6_0,0,0.0
12,:J2_7_0,0,0.0
12,:J2_8_0,0,0.0
12,:J2_9_0,0,0.0
12,:J3_0_0,0,0.0
12,:J3_10_0,0,0.0
12,:J3_11_0,0,0.0
12,:J3_12_0,0,0.0
12,:J3_13_0,0,0.0
12,:J3_14_0,0,0.0
12,:J3_15_0,0,0.0
12,:J3_1_0,0,0.0
12,:J3_2_0,0,0.0
12,:J3_3_0,0,0.0
12,:J3_4_0,0,0.0
12,:J3_5_0,0,0.0
12,:J3_6_0,0,0.0
12,:J3_7_0,0,0.0
12,:J3_8_0,0,0.0
12,:J3_9_0,0,0.0
12,:J4_0_0,0,0.0
12,:J4_10_0,0,0.0
12,:J4_11_0,0,0.0
12,:J4_12_0,0,0.0
12,:J4_13_0,0,0.0
12,:J4_14_0,0,0.0
12,:J4_15_0,0,0.0
12,:J4_1_0,0,0.0
12,:J4_2_0,0,0.0
12,:J4_3_0,0,0.0
12,:J4_4_0,0,0.0
12,:J4_5_0,0,0.0
12,:J4_6_0,0,0.0
12,:J4_7_0,0,0.0
12,:J4_8_0,0,0.0
12,:J4_9_0,0,0.0
12,:J5_0_0,0,0.0
12,:J5_1_0,0,0.0
12,:J5_2_0,0,0.0
12,:J5_3_0,0,0.0
12,:J5_4_0,0,0.0
12,:J5_5_0,0,0.0
12,:J5_6_0,0,0.0
12,:J6_0_0,0,0.0
12,:J6_1_0,0,0.0
12,:J6_2_0,0,0.0
12,:J6_3_0,0,0.0
12,:J6_4_0,0,0.0
12,:J6_5_0,0,0.0
12,:J6_6_0,0,0.0
12,:J7_0_0,0,0.0
12,:J7_1_0,0,0.0
12,:J8_0_0,0,0.0
12,:J8_1_0,0,0.0
12,:J9_0_0,0,0.0
12,:J9_1_0,0,0.0
12,E0_0,1,0.0
12,E10_0,0,0.0
12,E11_0,0,0.0
12,E12_0,0,0.0
12,E13_0,0,0.0
12,E14_0,0,0.0
12,E1_0,0,0.0
12,E2_0,0,0.0
12,E3_0,0,0.0
12,E5_0,1,0.0
12,E6_0,0,0.0
12,E7_0,0,0.0
12,E8_0,0,0.0
12,E9_0,0,0.0
13,-E0_0,0,0.0
13,-E10_0,0,0.0
13,-E11_0,0,0.0
13,-E12_0,0,0.0
13,-E13_0,2,0.0
13,-E14_0,1,0.0
13,-E1_0,0,0.0
13,-E2_0,0,0.0
13,-E3_0,0,0.0
13,-E5_0,0,0.0
13,-E6_0,1,0.0
13,-E7_0,0,0.0
13,-E8_0,0,0.0
13,-E9_0,0,0.0
13,:J10_0_0,0,0.0
13,:J10_1_0,0,0.0
13,:J2_0_0,0,0.0
13,:J2_10_0,0,0.0
13,:J2_11_0,0,0.0
13,:J2_12_0,0,0.0
13,:J2_13_0,0,0.0
13,:J2_14_0,0,0.0
13,:J2_15_0,0,0.0
13,:J2_1_0,0,0.0
13,:J2_2_0,0,0.0
13,:J2_3_0,0,0.0
13,:J2_4_0,0,0.0
13,:J2_5_0,0,0.0
13,:J2_6_0,0,0.0
13,:J2_7_0,0,0.0
13,:J2_8_0,0,0.0
13,:J2_9_0,0,0.0
13,:J3_0_0,0,0.0
13,:J3_10_0,0,0.0
13,:J3_11_0,0,0.0
13,:J3_12_0,0,0.0
13,:J3_13_0,0,0.0
13,:J3_14_0,0,0.0
13,:J3_15_0,0,0.0
13,:J3_1_0,0,0.0
13,:J3_2_0,0,0.0
13,:J3_3_0,0,0.0
13,:J3_4_0,0,0.0
13,:J3_5_0,0,0.0
13,:J3_6_0,0,0.0
13,:J3_7_0,0,0.0
13,:J3_8_0,0,0.0
13,:J3_9_0,0,0.0
13,:J4_0_0,0,0.0
13,:J4_10_0,0,0.0
13,:J4_11_0,0,0.0
13,:J4_12_0,0,0.0
13,:J4_13_0,0,0.0
13,:J4_14_0,0,0.0
13,:J4_15_0,0,0.0
13,:J4_1_0,0,0.0
13,:J4_2_0,0,0.0
13,:J4_3_0,0,0.0
13,:J4_4_0,0,0.0
13,:J4_5_0,0,0.0
13,:J4_6_0,0,0.0
13,:J4_7_0,0,0.0
13,:J4_8_0,0,0.0
13,:J4_9_0,0,0.0
13,:J5_0_0,0,0.0
13,:J5_1_0,0,0.0
13,:J5_2_0,0,0.0
13,:J5_3_0,0,0.0
13,:J5_4_0,0,0.0
13,:J5_5_0,0,0.0
13,:J5_6_0,0,0.0
13,:J6_0_0,0,0.0
13,:J6_1_0,0,0.0
13,:J6_2_0,0,0.0
13,:J6_3_0,0,0.0
13,:J6_4_0,0,0.0
13,:J6_5_0,0,0.0
13,:J6_6_0,0,0.0
13,:J7_0_0,0,0.0
13,:J7_1_0,0,0.0
13,:J8_0_0,0,0.0
13,:J8_1_0,0,0.0
13,:J9_0_0,0,0.0
13,:J9_1_0,0,0.0
13,E0_0,1,0.0
13,E10_0,0,0.0
13,E11_0,0,0.0
13,E12_0,0,0.0
13,E13_0,0,0.0
13,E14_0,0,0.0
13,E1_0,0,0.0
13,E2_0,0,0.0
13,E3_0,0,0.0
13,E5_0,1,0.0
13,E6_0,0,0.0
13,E7_0,0,0.0
13,E8_0,0,0.0
13,E9_0,0,0.0
14,-E0_0,0,0.0
14,-E10_0,0,0.0
14,-E11_0,0,0.0
14,-E12_0,0,0.0
14,-E13_0,2,0.0
14,-E14_0,1,0.0
14,-E1_0,0,0.0
14,-E2_0,0,0.0
14,-E3_0,0,0.0
14,-E5_0,0,0.0
14,-E6_0,1,0.0
14,-E7_0,0,0.0
14,-E8_0,0,0.0
14,-E9_0,0,0.0
14,:J10_0_0,0,0.0
14,:J10_1_0,0,0.0
14,:J2_0_0,0,0.0
14,:J2_10_0,0,0.0
14,:J2_11_0,0,0.0
14,:J2_12_0,0,0.0
14,:J2_13_0,0,0.0
14,:J2_14_0,0,0.0
14,:J2_15_0,0,0.0
14,:J2_1_0,0,0.0
14,:J2_2_0,0,0.0
14,:J2_3_0,0,0.0
14,:J2_4_0,0,0.0
14,:J2_5_0,0,0.0
14,:J2_6_0,0,0.0
14,:J2_7_0,0,0.0
14,:J2_8_0,0,0.0
14,:J2_9_0,0,0.0
14,:J3_0_0,0,0.0
14,:J3_10_0,0,0.0
14,:J3_11_0,0,0.0
14,:J3_12_0,0,0.0
14,:J3_13_0,0,0.0
14,:J3_14_0,0,0.0
14,:J3_15_0,0,0.0
14,:J3_1_0,0,0.0
14,:J3_2_0,0,0.0
14,:J3_3_0,0,0.0
14,:J3_4_0,0,0.0
14,:J3_5_0,0,0.0
14,:J3_6_0,0,0.0
14,:J3_7_0,0,0.0
14,:J3_8_0,0,0.0
14,:J3_9_0,0,0.0
14,:J4_0_0,0,0.0
14,:J4_10_0,0,0.0
14,:J4_11_0,0,0.0
14,:J4_12_0,0,0.0
14,:J4_13_0,0,0.0
14,:J4_14_0,0,0.0
14,:J4_15_0,0,0.0
14,:J4_1_0,0,0.0
14,:J4_2_0,0,0.0
14,:J4_3_0,0,0.0
14,:J4_4_0,0,0.0
14,:J4_5_0,0,0.0
14,:J4_6_0,0,0.0
14,:J4_7_0,0,0.0
14,:J4_8_0,0,0.0
14,:J4_9_0,0,0.0
14,:J5_0_0,0,0.0
14,:J5_1_0,0,0.0
14,:J5_2_0,0,0.0
14,:J5_3_0,0,0.0
14,:J5_4_0,0,0.0
14,:J5_5_0,0,0.0
14,:J5_6_0,0,0.0
14,:J6_0_0,0,0.0
14,:J6_1_0,0,0.0
14,:J6_2_0,0,0.0
14,:J6_3_0,0,0.0
14,:J6_4_0,0,0.0
14,:J6_5_0,0,0.0
14,:J6_6_0,0,0.0
14,:J7_0_0,0,0.0
14,:J7_1_0,0,0.0
14,:J8_0_0,0,0.0
14,:J8_1_0,0,0.0
14,:J9_0_0,0,0.0
14,:J9_1_0,0,0.0
14,E0_0,1,0.0
14,E10_0,0,0.0
14,E11_0,0,0.0
14,E12_0,0,0.0
14,E13_0,0,0.0
14,E14_0,0,0.0
14,E1_0,0,0.0
14,E2_0,0,0.0
14,E3_0,0,0.0
14,E5_0,1,0.0
14,E6_0,0,0.0
14,E7_0,0,0.0
14,E8_0,0,0.0
14,E9_0,0,0.0
15,-E0_0,0,0.0
15,-E10_0,0,0.0
15,-E11_0,0,0.0
15,-E12_0,0,0.0
15,-E13_0,2,0.0
15,-E14_0,1,0.0
15,-E1_0,1,0.0
15,-E2_0,0,0.0
15,-E3_0,0,0.0
15,-E5_0,0,0.0
15,-E6_0,0,0.0
15,-E7_0,0,0.0
15,-E8_0,0,0.0
15,-E9_0,0,0.0
15,:J10_0_0,0,0.0
15,:J10_1_0,0,0.0
15,:J2_0_0,0,0.0
15,:J2_10_0,0,0.0
15,:J2_11_0,0,0.0
15,:J2_12_0,0,0.0
15,:J2_13_0,0,0.0
15,:J2_14_0,0,0.0
15,:J2_15_0,0,0.0
15,:J2_1_0,0,0.0
15,:J2_2_0,0,0.0
15,:J2_3_0,0,0.0
15,:J2_4_0,0,0.0
15,:J2_5_0,0,0.0
15,:J2_6_0,0,0.0
15,:J2_7_0,0,0.0
15,:J2_8_0,0,0.0
15,:J2_9_0,0,0.0
15,:J3_0_0,0,0.0
15,:J3_10_0,0,0.0
15,:J3_11_0,0,0.0
15,:J3_12_0,0,0.0
15,:J3_13_0,0,0.0
15,:J3_14_0,0,0.0
15,:J3_15_0,0,0.0
15,:J3_1_0,0,0.0
15,:J3_2_0,0,0.0
15,:J3_3_0,0,0.0
15,:J3_4_0,0,0.0
15,:J3_5_0,0,0.0
15,:J3_6_0,0,0.0
15,:J3_7_0,0,0.0
15,:J3_8_0,0,0.0
15,:J3_9_0,0,0.0
15,:J4_0_0,0,0.0
15,:J4_10_0,0,0.0
15,:J4_11_0,0,0.0
15,:J4_12_0,0,0.0
15,:J4_13_0,0,0.0
15,:J4_14_0,0,0.0
15,:J4_15_0,0,0.0
15,:J4_1_0,0,0.0
15,:J4_2_0,0,0.0
15,:J4_3_0,0,0.0
15,:J4_4_0,0,0.0
15,:J4_5_0,0,0.0
15,:J4_6_0,0,0.0
15,:J4_7_0,0,0.0
15,:J4_8_0,0,0.0
15,:J4_9_0,0,0.0
15,:J5_0_0,0,0.0
15,:J5_1_0,0,0.0
15,:J5_2_0,0,0.0
15,:J5_3_0,0,0.0
15,:J5_4_0,0,0.0
15,:J5_5_0,0,0.0
15,:J5_6_0,0,0.0
15,:J6_0_0,0,0.0
15,:J6_1_0,0,0.0
15,:J6_2_0,1,0.0
15,:J6_3_0,0,0.0
15,:J6_4_0,0,0.0
15,:J6_5_0,0,0.0
15,:J6_6_0,0,0.0
15,:J7_0_0,0,0.0
15,:J7_1_0,0,0.0
15,:J8_0_0,0,0.0
15,:J8_1_0,0,0.0
15,:J9_0_0,0,0.0
15,:J9_1_0,0,0.0
15,E0_0,1,0.0
15,E10_0,0,0.0
15,E11_0,0,0.0
15,E12_0,0,0.0
15,E13_0,0,0.0
15,E14_0,0,0.0
15,E1_0,0,0.0
15,E2_0,0,0.0
15,E3_0,0,0.0
15,E5_0,1,0.0
15,E6_0,0,0.0
15,E7_0,0,0.0
15,E8_0,0,0.0
15,E9_0,0,0.0
16,-E0_0,0,0.0
16,-E10_0,0,0.0
16,-E11_0,0,0.0
16,-E12_0,0,0.0
16,-E13_0,2,0.0
16,-E14_0,1,0.0
16,-E1_0,1,0.0
16,-E2_0,0,0.0
16,-E3_0,0,0.0
16,-E5_0,0,0.0
16,-E6_0,0,0.0
16,-E7_0,0,0.0
16,-E8_0,0,0.0
16,-E9_0,0,0.0
16,:J10_0_0,0,0.0
16,:J10_1_0,0,0.0
16,:J2_0_0,0,0.0
16,:J2_10_0,0,0.0
16,:J2_11_0,0,0.0
16,:J2_12_0,0,0.0
16,:J2_13_0,0,0.0
16,:J2_14_0,0,0.0
16,:J2_15_0,0,0.0
16,:J2_1_0,0,0.0
16,:J2_2_0,0,0.0
16,:J2_3_0,0,0.0
16,:J2_4_0,0,0.0
16,:J2_5_0,0,0.0
16,:J2_6_0,0,0.0
16,:J2_7_0,0,0.0
16,:J2_8_0,0,0.0
16,:J2_9_0,0,0.0
16,:J3_0_0,0,0.0
16,:J3_10_0,0,0.0
16,:J3_11_0,0,0.0
16,:J3_12_0,0,0.0
16,:J3_13_0,0,0.0
16,:J3_14_0,0,0.0
16,:J3_15_0,0,0.0
16,:J3_1_0,0,0.0
16,:J3_2_0,0,0.0
16,:J3_3_0,0,0.0
16,:J3_4_0,0,0.0
16,:J3_5_0,0,0.0
16,:J3_6_0,0,0.0
16,:J3_7_0,0,0.0
16,:J3_8_0,0,0.0
16,:J3_9_0,0,0.0
16,:J4_0_0,0,0.0
16,:J4_10_0,0,0.0
16,:J4_11_0,0,0.0
16,:J4_12_0,0,0.0
16,:J4_13_0,0,0.0
16,:J4_14_0,0,0.0
16,:J4_15_0,0,0.0
16,:J4_1_0,0,0.0
16,:J4_2_0,0,0.0
16,:J4_3_0,0,0.0
16,:J4_4_0,0,0.0
16,:J4_5_0,0,0.0
16,:J4_6_0,0,0.0
16,:J4_7_0,0,0.0
16,:J4_8_0,0,0.0
16,:J4_9_0,0,0.0
16,:J5_0_0,0,0.0
16,:J5_1_0,0,0.0
16,:J5_2_0,0,0.0
16,:J5_3_0,0,0.0
16,:J5_4_0,0,0.0
16,:J5_5_0,0,0.0
16,:J5_6_0,0,0.0
16,:J6_0_0,0,0.0
16,:J6_1_0,0,0.0
16,:J6_2_0,1,0.0
16,:J6_3_0,0,0.0
16,:J6_4_0,0,0.0
16,:J6_5_0,0,0.0
16,:J6_6_0,0,0.0
16,:J7_0_0,0,0.0
16,:J7_1_0,0,0.0
16,:J8_0_0,0,0.0
16,:J8_1_0,0,0.0
16,:J9_0_0,0,0.0
16,:J9_1_0,0,0.0
16,E0_0,1,0.0
16,E10_0,0,0.0
16,E11_0,0,0.0
16,E12_0,0,0.0
16,E13_0,0,0.0
16,E14_0,0,0.0
16,E1_0,0,0.0
16,E2_0,0,0.0
16,E3_0,0,0.0
16,E5_0,1,0.0
16,E6_0,0,0.0
16,E7_0,0,0.0
16,E8_0,0,0.0
16,E9_0,0,0.0
17,-E0_0,0,0.0
17,-E10_0,0,0.0
17,-E11_0,0,0.0
17,-E12_0,0,0.0
17,-E13_0,2,0.0
17,-E14_0,1,0.0
17,-E1_0,1,0.0
17,-E2_0,0,0.0
17,-E3_0,0,0.0
17,-E5_0,0,0.0
17,-E6_0,0,0.0
17,-E7_0,0,0.0
17,-E8_0,0,0.0
17,-E9_0,0,0.0
17,:J10_0_0,0,0.0
17,:J10_1_0,0,0.0
17,:J2_0_0,0,0.0
17,:J2_10_0,0,0.0
17,:J2_11_0,0,0.0
17,:J2_12_0,0,0.0
17,:J2_13_0,0,0.0
17,:J2_14_0,0,0.0
17,:J2_15_0,0,0.0
17,:J2_1_0,0,0.0
17,:J2_2_0,0,0.0
17,:J2_3_0,0,0.0
17,:J2_4_0,0,0.0
17,:J2_5_0,0,0.0
17,:J2_6_0,0,0.0
17,:J2_7_0,0,0.0
17,:J2_8_0,0,0.0
17,:J2_9_0,0,0.0
17,:J3_0_0,0,0.0
17,:J3_10_0,0,0.0
17,:J3_11_0,0,0.0
17,:J3_12_0,0,0.0
17,:J3_13_0,0,0.0
17,:J3_14_0,0,0.0
17,:J3_15_0,0,0.0
17,:J3_1_0,0,0.0
17,:J3_2_0,0,0.0
17,:J3_3_0,0,0.0
17,:J3_4_0,0,0.0
17,:J3_5_0,0,0.0
17,:J3_6_0,0,0.0
17,:J3_7_0,0,0.0
17,:J3_8_0,0,0.0
17,:J3_9_0,0,0.0
17,:J4_0_0,0,0.0
17,:J4_10_0,0,0.0
17,:J4_11_0,0,0.0
17,:J4_12_0,0,0.0
17,:J4_13_0,0,0.0
17,:J4_14_0,0,0.0
17,:J4_15_0,0,0.0
17,:J4_1_0,0,0.0
17,:J4_2_0,0,0.0
17,:J4_3_0,0,0.0
17,:J4_4_0,0,0.0
17,:J4_5_0,0,0.0
17,:J4_6_0,0,0.0
17,:J4_7_0,0,0.0
17,:J4_8_0,0,0.0
17,:J4_9_0,0,0.0
17,:J5_0_0,0,0.0
17,:J5_1_0,0,0.0
17,:J5_2_0,0,0.0
17,:J5_3_0,0,0.0
17,:J5_4_0,0,0.0
17,:J5_5_0,0,0.0
17,:J5_6_0,0,0.0
17,:J6_0_0,0,0.0
17,:J6_1_0,0,0.0
17,:J6_2_0,1,0.0
17,:J6_3_0,0,0.0
17,:J6_4_0,0,0.0
17,:J6_5_0,0,0.0
17,:J6_6_0,0,0.0
17,:J7_0_0,0,0.0
17,:J7_1_0,0,0.0
17,:J8_0_0,0,0.0
17,:J8_1_0,0,0.0
17,:J9_0_0,0,0.0
17,:J9_1_0,0,0.0
17,E0_0,1,0.0
17,E10_0,0,0.0
17,E11_0,0,0.0
17,E12_0,0,0.0
17,E13_0,0,0.0
17,E14_0,0,0.0
17,E1_0,0,0.0
17,E2_0,0,0.0
17,E3_0,0,0.0
17,E5_0,1,0.0
17,E6_0,0,0.0
17,E7_0,0,0.0
17,E8_0,0,0.0
17,E9_0,0,0.0
18,-E0_0,0,0.0
18,-E10_0,0,0.0
18,-E11_0,0,0.0
18,-E12_0,0,0.0
18,-E13_0,2,0.0
18,-E14_0,1,0.0
18,-E1_0,1,0.0
18,-E2_0,0,0.0
18,-E3_0,0,0.0
18,-E5_0,0,0.0
18,-E6_0,0,0.0
18,-E7_0,0,0.0
18,-E8_0,1,0.0
18,-E9_0,0,0.0
18,:J10_0_0,0,0.0
18,:J10_1_0,0,0.0
18,:J2_0_0,0,0.0
18,:J2_10_0,0,0.0
18,:J2_11_0,0,0.0
18,:J2_12_0,0,0.0
18,:J2_13_0,0,0.0
18,:J2_14_0,0,0.0
18,:J2_15_0,0,0.0
18,:J2_1_0,0,0.0
18,:J2_2_0,0,0.0
18,:J2_3_0,0,0.0
18,:J2_4_0,0,0.0
18,:J2_5_0,0,0.0
18,:J2_6_0,0,0.0
18,:J2_7_0,0,0.0
18,:J2_8_0,0,0.0
18,:J2_9_0,0,0.0
18,:J3_0_0,0,0.0
18,:J3_10_0,0,0.0
18,:J3_11_0,0,0.0
18,:J3_12_0,0,0.0
18,:J3_13_0,0,0.0
18,:J3_14_0,0,0.0
18,:J3_15_0,0,0.0
18,:J3_1_0,0,0.0
18,:J3_2_0,0,0.0
18,:J3_3_0,0,0.0
18,:J3_4_0,0,0.0
18,:J3_5_0,0,0.0
18,:J3_6_0,0,0.0
18,:J3_7_0,0,0.0
18,:J3_8_0,0,0.0
18,:J3_9_0,0,0.0
18,:J4_0_0,0,0.0
18,:J4_10_0,0,0.0
18,:J4_11_0,0,0.0
18,:J4_12_0,0,0.0
18,:J4_13_0,0,0.0
18,:J4_14_0,0,0.0
18,:J4_15_0,0,0.0
18,:J4_1_0,0,0.0
18,:J4_2_0,0,0.0
18,:J4_3_0,0,0.0
18,:J4_4_0,0,0.0
18,:J4_5_0,0,0.0
18,:J4_6_0,0,0.0
18,:J4_7_0,0,0.0
18,:J4_8_0,0,0.0
18,:J4_9_0,0,0.0
18,:J5_0_0,0,0.0
18,:J5_1_0,0,0.0
18,:J5_2_0,0,0.0
18,:J5_3_0,0,0.0
18,:J5_4_0,0,0.0
18,:J5_5_0,0,0.0
18,:J5_6_0,0,0.0
18,:J6_0_0,0,0.0
18,:J6_1_0,0,0.0
18,:J6_2_0,0,0.0
18,:J6_3_0,0,0.0
18,:J6_4_0,0,0.0
18,:J6_5_0,0,0.0
18,:J6_6_0,0,0.0
18,:J7_0_0,0,0.0
18,:J7_1_0,0,0.0
18,:J8_0_0,0,0.0
18,:J8_1_0,0,0.0
18,:J9_0_0,0,0.0
18,:J9_1_0,0,0.0
18,E0_0,1,0.0
18,E10_0,0,0.0
18,E11_0,0,0.0
18,E12_0,0,0.0
18,E13_0,0,0.0
18,E14_0,0,0.0
18,E1_0,0,0.0
18,E2_0,0,0.0
18,E3_0,0,0.0
18,E5_0,1,0.0
18,E6_0,0,0.0
18,E7_0,0,0.0
18,E8_0,0,0.0
18,E9_0,0,0.0
19,-E0_0,0,0.0
19,-E10_0,0,0.0
19,-E11_0,0,0.0
19,-E12_0,0,0.0
19,-E13_0,1,0.0
19,-E14_0,1,0.0
19,-E1_0,1,0.0
19,-E2_0,0,0.0
19,-E3_0,0,0.0
19,-E5_0,0,0.0
19,-E6_0,0,0.0
19,-E7_0,0,0.0
19,-E8_0,1,0.0
19,-E9_0,0,0.0
19,:J10_0_0,0,0.0
19,:J10_1_0,0,0.0
19,:J2_0_0,0,0.0
19,:J2_10_0,0,0.0
19,:J2_11_0,0,0.0
19,:J2_12_0,0,0.0
19,:J2_13_0,0,0.0
19,:J2_14_0,0,0.0
19,:J2_15_0,0,0.0
19,:J2_1_0,0,0.0
19,:J2_2_0,0,0.0
19,:J2_3_0,0,0.0
19,:J2_4_0,0,0.0
19,:J2_5_0,0,0.0
19,:J2_6_0,0,0.0
19,:J2_7_0,0,0.0
19,:J2_8_0,0,0.0
19,:J2_9_0,0,0.0
19,:J3_0_0,0,0.0
19,:J3_10_0,0,0.0
19,:J3_11_0,0,0.0
19,:J3_12_0,0,0.0
19,:J3_13_0,0,0.0
19,:J3_14_0,0,0.0
19,:J3_15_0,0,0.0
19,:J3_1_0,0,0.0
19,:J3_2_0,0,0.0
19,:J3_3_0,0,0.0
19,:J3_4_0,0,0.0
19,:J3_5_0,0,0.0
19,:J3_6_0,0,0.0
19,:J3_7_0,0,0.0
19,:J3_8_0,0,0.0
19,:J3_9_0,0,0.0
19,:J4_0_0,0,0.0
19,:J4_10_0,0,0.0
19,:J4_11_0,0,0.0
19,:J4_12_0,0,0.0
19,:J4_13_0,0,0.0
19,:J4_14_0,0,0.0
19,:J4_15_0,0,0.0
19,:J4_1_0,1,0.0
19,:J4_2_0,0,0.0
19,:J4_3_0,0,0.0
19,:J4_4_0,0,0.0
19,:J4_5_0,0,0.0
19,:J4_6_0,0,0.0
19,:J4_7_0,0,0.0
19,:J4_8_0,0,0.0
19,:J4_9_0,0,0.0
19,:J5_0_0,0,0.0
19,:J5_1_0,0,0.0
19,:J5_2_0,0,0.0
19,:J5_3_0,0,0.0
19,:J5_4_0,0,0.0
19,:J5_5_0,0,0.0
19,:J5_6_0,0,0.0
19,:J6_0_0,0,0.0
19,:J6_1_0,0,0.0
19,:J6_2_0,0,0.0
19,:J6_3_0,0,0.0
19,:J6_4_0,0,0.0
19,:J6_5_0,0,0.0
19,:J6_6_0,0,0.0
19,:J7_0_0,0,0.0
19,:J7_1_0,0,0.0
19,:J8_0_0,0,0.0
19,:J8_1_0,0,0.0
19,:J9_0_0,0,0.0
19,:J9_1_0,0,0.0
19,E0_0,1,0.0
19,E10_0,0,0.0
19,E11_0,0,0.0
19,E12_0,0,0.0
19,E13_0,0,0.0
19,E14_0,0,0.0
19,E1_0,0,0.0
19,E2_0,0,0.0
19,E3_0,0,0.0
19,E5_0,1,0.0
19,E6_0,0,0.0
19,E7_0,0,0.0
19,E8_0,0,0.0
19,E9_0,0,0.0
20,-E0_0,0,0.0
20,-E10_0,0,0.0
20,-E11_0,0,0.0
20,-E12_0,0,0.0
20,-E13_0,2,0.0
20,-E14_0,1,0.0
20,-E1_0,1,0.0
20,-E2_0,0,0.0
20,-E3_0,0,0.0
20,-E5_0,0,0.0
20,-E6_0,0,0.0
20,-E7_0,0,0.0
20,-E8_0,1,0.0
20,-E9_0,0,0.0
20,:J10_0_0,0,0.0
20,:J10_1_0,0,0.0
20,:J2_0_0,0,0.0
20,:J2_10_0,0,0.0
20,:J2_11_0,0,0.0
20,:J2_12_0,0,0.0
20,:J2_13_0,0,0.0
20,:J2_14_0,0,0.0
20,:J2_15_0,0,0.0
20,:J2_1_0,0,0.0
20,:J2_2_0,0,0.0
20,:J2_3_0,0,0.0
20,:J2_4_0,0,0.0
20,:J2_5_0,0,0.0
20,:J2_6_0,0,0.0
20,:J2_7_0,0,0.0
20,:J2_8_0,0,0.0
20,:J2_9_0,0,0.0
20,:J3_0_0,0,0.0
20,:J3_10_0,0,0.0
20,:J3_11_0,0,0.0
20,:J3_12_0,0,0.0
20,:J3_13_0,0,0.0
20,:J3_14_0,0,0.0
20,:J3_15_0,0,0.0
20,:J3_1_0,0,0.0
20,:J3_2_0,0,0.0
20,:J3_3_0,0,0.0
20,:J3_4_0,0,0.0
20,:J3_5_0,0,0.0
20,:J3_6_0,0,0.0
20,:J3_7_0,0,0.0
20,:J3_8_0,0,0.0
20,:J3_9_0,0,0.0
20,:J4_0_0,0,0.0
20,:J4_10_0,0,0.0
20,:J4_11_0,0,0.0
20,:J4_12_0,0,0.0
20,:J4_13_0,0,0.0
20,:J4_14_0,0,0.0
20,:J4_15_0,0,0.0
20,:J4_1_0,1,0.0
20,:J4_2_0,0,0.0
20,:J4_3_0,0,0.0
20,:J4_4_0,0,0.0
20,:J4_5_0,0,0.0
20,:J4_6_0,0,0.0
20,:J4_7_0,0,0.0
20,:J4_8_0,0,0.0
20,:J4_9_0,0,0.0
20,:J5_0_0,0,0.0
20,:J5_1_0,0,0.0
20,:J5_2_0,0,0.0
20,:J5_3_0,0,0.0
20,:J5_4_0,0,0.0
20,:J5_5_0,0,0.0
20,:J5_6_0,0,0.0
20,:J6_0_0,0,0.0
20,:J6_1_0,0,0.0
20,:J6_2_0,0,0.0
20,:J6_3_0,0,0.0
20,:J6_4_0,0,0.0
20,:J6_5_0,0,0.0
20,:J6_6_0,0,0.0
20,:J7_0_0,0,0.0
20,:J7_1_0,0,0.0
20,:J8_0_0,0,0.0
20,:J8_1_0,0,0.0
20,:J9_0_0,0,0.0
20,:J9_1_0,0,0.0
20,E0_0,1,0.0
20,E10_0,0,0.0
20,E11_0,0,0.0
20,E12_0,0,0.0
20,E13_0,0,0.0
20,E14_0,0,0.0
20,E1_0,0,0.0
20,E2_0,0,0.0
20,E3_0,0,0.0
20,E5_0,1,0.0
20,E6_0,0,0.0
20,E7_0,0,0.0
20,E8_0,0,0.0
20,E9_0,0,0.0
21,-E0_0,0,0.0
21,-E10_0,0,0.0
21,-E11_0,0,0.0
21,-E12_0,0,0.0
21,-E13_0,2,0.0
21,-E14_0,1,0.0
21,-E1_0,1,0.0
21,-E2_0,0,0.0
21,-E3_0,0,0.0
21,-E5_0,0,0.0
21,-E6_0,0,0.0
21,-E7_0,0,0.0
21,-E8_0,1,0.0
21,-E9_0,0,0.0
21,:J10_0_0,0,0.0
21,:J10_1_0,0,0.0
21,:J2_0_0,0,0.0
21,:J2_10_0,0,0.0
21,:J2_11_0,0,0.0
21,:J2_12_0,0,0.0
21,:J2_13_0,0,0.0
21,:J2_14_0,0,0.0
21,:J2_15_0,0,0.0
21,:J2_1_0,0,0.0
21,:J2_2_0,0,0.0
21,:J2_3_0,0,0.0
21,:J2_4_0,0,0.0
21,:J2_5_0,0,0.0
21,:J2_6_0,0,0.0
21,:J2_7_0,0,0.0
21,:J2_8_0,0,0.0
21,:J2_9_0,0,0.0
21,:J3_0_0,0,0.0
21,:J3_10_0,0,0.0
21,:J3_11_0,0,0.0
21,:J3_12_0,0,0.0
21,:J3_13_0,0,0.0
21,:J3_14_0,0,0.0
21,:J3_15_0,0,0.0
21,:J3_1_0,0,0.0
21,:J3_2_0,0,0.0
21,:J3_3_0,0,0.0
21,:J3_4_0,0,0.0
21,:J3_5_0,0,0.0
21,:J3_6_0,0,0.0
21,:J3_7_0,0,0.0
21,:J3_8_0,0,0.0
21,:J3_9_0,0,0.0
21,:J4_0_0,0,0.0
21,:J4_10_0,0,0.0
21,:J4_11_0,0,0.0
21,:J4_12_0,0,0.0
21,:J4_13_0,0,0.0
21,:J4_14_0,0,0.0
21,:J4_15_0,0,0.0
21,:J4_1_0,1,0.0
21,:J4_2_0,0,0.0
21,:J4_3_0,0,0.0
21,:J4_4_0,0,0.0
21,:J4_5_0,0,0.0
21,:J4_6_0,0,0.0
21,:J4_7_0,0,0.0
21,:J4_8_0,0,0.0
21,:J4_9_0,0,0.0
21,:J5_0_0,0,0.0
21,:J5_1_0,0,0.0
21,:J5_2_0,0,0.0
21,:J5_3_0,0,0.0
21,:J5_4_0,0,0.0
21,:J5_5_0,0,0.0
21,:J5_6_0,0,0.0
21,:J6_0_0,0,0.0
21,:J6_1_0,0,0.0
21,:J6_2_0,0,0.0
21,:J6_3_0,0,0.0
21,:J6_4_0,0,0.0
21,:J6_5_0,0,0.0
21,:J6_6_0,0,0.0
21,:J7_0_0,1,0.0
21,:J7_1_0,0,0.0
21,:J8_0_0,0,0.0
21,:J8_1_0,0,0.0
21,:J9_0_0,0,0.0
21,:J9_1_0,0,0.0
21,E0_0,1,0.0
21,E10_0,0,0.0
21,E11_0,0,0.0
21,E12_0,0,0.0
21,E13_0,0,0.0
21,E14_0,0,0.0
21,E1_0,0,0.0
21,E2_0,0,0.0
21,E3_0,0,0.0
21,E5_0,0,0.0
21,E6_0,0,0.0
21,E7_0,0,0.0
21,E8_0,0,0.0
21,E9_0,0,0.0
22,-E0_0,0,0.0
22,-E10_0,0,0.0
22,-E11_0,0,0.0
22,-E12_0,0,0.0
22,-E13_0,2,0.0
22,-E14_0,1,0.0
22,-E1_0,1,0.0
22,-E2_0,0,0.0
22,-E3_0,0,0.0
22,-E5_0,0,0.0
22,-E6_0,0,0.0
22,-E7_0,0,0.0
22,-E8_0,1,0.0
22,-E9_0,0,0.0
22,:J10_0_0,0,0.0
22,:J10_1_0,0,0.0
22,:J2_0_0,0,0.0
22,:J2_10_0,0,0.0
22,:J2_11_0,0,0.0
22,:J2_12_0,0,0.0
22,:J2_13_0,0,0.0
22,:J2_14_0,0,0.0
22,:J2_15_0,0,0.0
22,:J2_1_0,0,0.0
22,:J2_2_0,0,0.0
22,:J2_3_0,0,0.0
22,:J2_4_0,0,0.0
22,:J2_5_0,0,0.0
22,:J2_6_0,0,0.0
22,:J2_7_0,0,0.0
22,:J2_8_0,0,0.0
22,:J2_9_0,0,0.0
22,:J3_0_0,0,0.0
22,:J3_10_0,0,0.0
22,:J3_11_0,0,0.0
22,:J3_12_0,0,0.0
22,:J3_13_0,0,0.0
22,:J3_14_0,0,0.0
22,:J3_15_0,0,0.0
22,:J3_1_0,0,0.0
22,:J3_2_0,0,0.0
22,:J3_3_0,0,0.0
22,:J3_4_0,0,0.0
22,:J3_5_0,0,0.0
22,:J3_6_0,0,0.0
22,:J3_7_0,0,0.0
22,:J3_8_0,0,0.0
22,:J3_9_0,0,0.0
22,:J4_0_0,0,0.0
22,:J4_10_0,0,0.0
22,:J4_11_0,0,0.0
22,:J4_12_0,0,0.0
22,:J4_13_0,0,0.0
22,:J4_14_0,0,0.0
22,:J4_15_0,0,0.0
22,:J4_1_0,1,0.0
22,:J4_2_0,0,0.0
22,:J4_3_0,0,0.0
22,:J4_4_0,0,0.0
22,:J4_5_0,0,0.0
22,:J4_6_0,0,0.0
22,:J4_7_0,0,0.0
22,:J4_8_0,0,0.0
22,:J4_9_0,0,0.0
22,:J5_0_0,0,0.0
22,:J5_1_0,0,0.0
22,:J5_2_0,0,0.0
22,:J5_3_0,0,0.0
22,:J5_4_0,0,0.0
22,:J5_5_0,0,0.0
22,:J5_6_0,0,0.0
22,:J6_0_0,0,0.0
22,:J6_1_0,0,0.0
22,:J6_2_0,0,0.0
22,:J6_3_0,0,0.0
22,:J6_4_0,0,0.0
22,:J6_5_0,0,0.0
22,:J6_6_0,0,0.0
22,:J7_0_0,1,0.0
22,:J7_1_0,0,0.0
22,:J8_0_0,0,0.0
22,:J8_1_0,0,0.0
22,:J9_0_0,0,0.0
22,:J9_1_0,0,0.0
22,E0_0,1,0.0
22,E10_0,0,0.0
22,E11_0,0,0.0
22,E12_0,0,0.0
22,E13_0,0,0.0
22,E14_0,0,0.0
22,E1_0,0,0.0
22,E2_0,0,0.0
22,E3_0,0,0.0
22,E5_0,0,0.0
22,E6_0,0,0.0
22,E7_0,0,0.0
22,E8_0,0,0.0
22,E9_0,0,0.0
23,-E0_0,0,0.0
23,-E10_0,0,0.0
23,-E11_0,0,0.0
23,-E12_0,0,0.0
23,-E13_0,2,0.0
23,-E14_0,0,0.0
23,-E1_0,2,0.0
23,-E2_0,0,0.0
23,-E3_0,0,0.0
23,-E5_0,0,0.0
23,-E6_0,0,0.0
23,-E7_0,0,0.0
23,-E8_0,1,0.0
23,-E9_0,0,0.0
23,:J10_0_0,0,0.0
23,:J10_1_0,0,0.0
23,:J2_0_0,0,0.0
23,:J2_10_0,0,0.0
23,:J2_11_0,0,0.0
23,:J2_12_0,0,0.0
23,:J2_13_0,0,0.0
23,:J2_14_0,0,0.0
23,:J2_15_0,0,0.0
23,:J2_1_0,0,0.0
23,:J2_2_0,0,0.0
23,:J2_3_0,0,0.0
23,:J2_4_0,0,0.0
23,:J2_5_0,0,0.0
23,:J2_6_0,0,0.0
23,:J2_7_0,0,0.0
23,:J2_8_0,1,0.0
23,:J2_9_0,0,0.0
23,:J3_0_0,0,0.0
23,:J3_10_0,0,0.0
23,:J3_11_0,0,0.0
23,:J3_12_0,0,0.0
23,:J3_13_0,0,0.0
23,:J3_14_0,0,0.0
23,:J3_15_0,0,0.0
23,:J3_1_0,0,0.0
23,:J3_2_0,0,0.0
23,:J3_3_0,0,0.0
23,:J3_4_0,0,0.0
23,:J3_5_0,0,0.0
23,:J3_6_0,0,0.0
23,:J3_7_0,0,0.0
23,:J3_8_0,0,0.0
23,:J3_9_0,0,0.0
23,:J4_0_0,0,0.0
23,:J4_10_0,0,0.0
23,:J4_11_0,0,0.0
23,:J4_12_0,0,0.0
23,:J4_13_0,0,0.0
23,:J4_14_0,0,0.0
23,:J4_15_0,0,0.0
23,:J4_1_0,0,0.0
23,:J4_2_0,0,0.0
23,:J4_3_0,0,0.0
23,:J4_4_0,0,0.0
23,:J4_5_0,0,0.0
23,:J4_6_0,0,0.0
23,:J4_7_0,0,0.0
23,:J4_8_0,0,0.0
23,:J4_9_0,0,0.0
23,:J5_0_0,0,0.0
23,:J5_1_0,0,0.0
23,:J5_2_0,0,0.0
23,:J5_3_0,0,0.0
23,:J5_4_0,0,0.0
23,:J5_5_0,0,0.0
23,:J5_6_0,0,0.0
23,:J6_0_0,0,0.0
23,:J6_1_0,0,0.0
23,:J6_2_0,0,0.0
23,:J6_3_0,0,0.0
23,:J6_4_0,0,0.0
23,:J6_5_0,0,0.0
23,:J6_6_0,0,0.0
23,:J7_0_0,1,0.0
23,:J7_1_0,0,0.0
23,:J8_0_0,0,0.0
23,:J8_1_0,0,0.0
23,:J9_0_0,0,0.0
23,:J9_1_0,0,0.0
23,E0_0,1,0.4
23,E10_0,0,0.0
23,E11_0,1,0.0
23,E12_0,0,0.0
23,E13_0,0,0.0
23,E14_0,0,0.0
23,E1_0,0,0.0
23,E2_0,0,0.0
23,E3_0,0,0.0
23,E5_0,0,0.0
23,E6_0,0,0.0
23,E7_0,0,0.0
23,E8_0,0,0.0
23,E9_0,0,0.0
24,-E0_0,0,0.0
24,-E10_0,0,0.0
24,-E11_0,0,0.0
24,-E12_0,0,0.0
24,-E13_0,2,0.0
24,-E14_0,0,0.0
24,-E1_0,2,0.0
24,-E2_0,0,0.0
24,-E3_0,0,0.0
24,-E5_0,0,0.0
24,-E6_0,1,0.0
24,-E7_0,0,0.0
24,-E8_0,1,0.0
24,-E9_0,0,0.0
24,:J10_0_0,0,0.0
24,:J10_1_0,0,0.0
24,:J2_0_0,0,0.0
24,:J2_10_0,0,0.0
24,:J2_11_0,0,0.0
24,:J2_12_0,0,0.0
24,:J2_13_0,0,0.0
24,:J2_14_0,1,0.0
24,:J2_15_0,0,0.0
24,:J2_1_0,0,0.0
24,:J2_2_0,0,0.0
24,:J2_3_0,0,0.0
24,:J2_4_0,0,0.0
24,:J2_5_0,0,0.0
24,:J2_6_0,0,0.0
24,:J2_7_0,0,0.0
24,:J2_8_0,0,0.0
24,:J2_9_0,0,0.0
24,:J3_0_0,0,0.0
24,:J3_10_0,0,0.0
24,:J3_11_0,0,0.0
24,:J3_12_0,0,0.0
24,:J3_13_0,0,0.0
24,:J3_14_0,0,0.0
24,:J3_15_0,0,0.0
24,:J3_1_0,0,0.0
24,:J3_2_0,0,0.0
24,:J3_3_0,0,0.0
24,:J3_4_0,0,0.0
24,:J3_5_0,0,0.0
24,:J3_6_0,0,0.0
24,:J3_7_0,0,0.0
24,:J3_8_0,0,0.0
24,:J3_9_0,0,0.0
24,:J4_0_0,0,0.0
24,:J4_10_0,0,0.0
24,:J4_11_0,0,0.0
24,:J4_12_0,0,0.0
24,:J4_13_0,0,0.0
24,:J4_14_0,0,0.0
24,:J4_15_0,0,0.0
24,:J4_1_0,0,0.0
24,:J4_2_0,0,0.0
24,:J4_3_0,0,0.0
24,:J4_4_0,0,0.0
24,:J4_5_0,0,0.0
24,:J4_6_0,0,0.0
24,:J4_7_0,0,0.0
24,:J4_8_0,0,0.0
24,:J4_9_0,0,0.0
24,:J5_0_0,0,0.0
24,:J5_1_0,0,0.0
24,:J5_2_0,0,0.0
24,:J5_3_0,0,0.0
24,:J5_4_0,0,0.0
24,:J5_5_0,0,0.0
24,:J5_6_0,0,0.0
24,:J6_0_0,0,0.0
24,:J6_1_0,0,0.0
24,:J6_2_0,0,0.0
24,:J6_3_0,0,0.0
24,:J6_4_0,0,0.0
24,:J6_5_0,0,0.0
24,:J6_6_0,0,0.0
24,:J7_0_0,0,0.0
24,:J7_1_0,0,0.0
24,:J8_0_0,0,0.0
24,:J8_1_0,0,0.0
24,:J9_0_0,0,0.0
24,:J9_1_0,0,0.0
24,E0_0,1,0.8
24,E10_0,0,0.0
24,E11_0,1,0.0
24,E12_0,0,0.0
24,E13_0,0,0.0
24,E14_0,0,0.0
24,E1_0,0,0.0
24,E2_0,0,0.0
24,E3_0,0,0.0
24,E5_0,0,0.0
24,E6_0,0,0.0
24,E7_0,0,0.0
24,E8_0,0,0.0
24,E9_0,0,0.0
25,-E0_0,0,0.0
25,-E10_0,0,0.0
25,-E11_0,0,0.0
25,-E12_0,0,0.0
25,-E13_0,2,0.0
25,-E14_0,0,0.0
25,-E1_0,2,0.0
25,-E2_0,0,0.0
25,-E3_0,0,0.0
25,-E5_0,0,0.0
25,-E6_0,1,0.0
25,-E7_0,0,0.0
25,-E8_0,1,0.0
25,-E9_0,0,0.0
25,:J10_0_0,0,0.0
25,:J10_1_0,0,0.0
25,:J2_0_0,0,0.0
25,:J2_10_0,0,0.0
25,:J2_11_0,0,0.0
25,:J2_12_0,0,0.0
25,:J2_13_0,0,0.0
25,:J2_14_0,1,0.0
25,:J2_15_0,0,0.0
25,:J2_1_0,0,0.0
25,:J2_2_0,0,0.0
25,:J2_3_0,0,0.0
25,:J2_4_0,0,0.0
25,:J2_5_0,0,0.0
25,:J2_6_0,0,0.0
25,:J2_7_0,0,0.0
25,:J2_8_0,0,0.0
25,:J2_9_0,0,0.0
25,:J3_0_0,0,0.0
25,:J3_10_0,0,0.0
25,:J3_11_0,0,0.0
25,:J3_12_0,0,0.0
25,:J3_13_0,0,0.0
25,:J3_14_0,0,0.0
25,:J3_15_0,0,0.0
25,:J3_1_0,0,0.0
25,:J3_2_0,0,0.0
25,:J3_3_0,0,0.0
25,:J3_4_0,0,0.0
25,:J3_5_0,0,0.0
25,:J3_6_0,0,0.0
25,:J3_7_0,0,0.0
25,:J3_8_0,0,0.0
25,:J3_9_0,0,0.0
25,:J4_0_0,0,0.0
25,:J4_10_0,0,0.0
25,:J4_11_0,0,0.0
25,:J4_12_0,0,0.0
25,:J4_13_0,0,0.0
25,:J4_14_0,0,0.0
25,:J4_15_0,0,0.0
25,:J4_1_0,0,0.0
25,:J4_2_0,0,0.0
25,:J4_3_0,0,0.0
25,:J4_4_0,0,0.0
25,:J4_5_0,0,0.0
25,:J4_6_0,0,0.0
25,:J4_7_0,0,0.0
25,:J4_8_0,0,0.0
25,:J4_9_0,0,0.0
25,:J5_0_0,0,0.0
25,:J5_1_0,0,0.0
25,:J5_2_0,0,0.0
25,:J5_3_0,0,0.0
25,:J5_4_0,0,0.0
25,:J5_5_0,0,0.0
25,:J5_6_0,0,0.0
25,:J6_0_0,0,0.0
25,:J6_1_0,0,0.0
25,:J6_2_0,0,0.0
25,:J6_3_0,0,0.0
25,:J6_4_0,0,0.0
25,:J6_5_0,0,0.0
25,:J6_6_0,0,0.0
25,:J7_0_0,0,0.0
25,:J7_1_0,0,0.0
25,:J8_0_0,0,0.0
25,:J8_1_0,0,0.0
25,:J9_0_0,0,0.0
25,:J9_1_0,0,0.0
25,E0_0,1,1.2
25,E10_0,0,0.0
25,E11_0,1,0.0
25,E12_0,0,0.0
25,E13_0,0,0.0
25,E14_0,0,0.0
25,E1_0,0,0.0
25,E2_0,0,0.0
25,E3_0,0,0.0
25,E5_0,0,0.0
25,E6_0,0,0.0
25,E7_0,0,0.0
25,E8_0,0,0.0
25,E9_0,0,0.0
26,-E0_0,0,0.0
26,-E10_0,0,0.0
26,-E11_0,0,0.0
26,-E12_0,0,0.0
26,-E13_0,2,0.0
26,-E14_0,0,0.0
26,-E1_0,2,0.0
26,-E2_0,0,0.0
26,-E3_0,0,0.0
26,-E5_0,0,0.0
26,-E6_0,1,0.0
26,-E7_0,0,0.0
26,-E8_0,1,0.0
26,-E9_0,0,0.0
26,:J10_0_0,0,0.0
26,:J10_1_0,0,0.0
26,:J2_0_0,0,0.0
26,:J2_10_0,0,0.0
26,:J2_11_0,0,0.0
26,:J2_12_0,0,0.0
26,:J2_13_0,0,0.0
26,:J2_14_0,1,0.0
26,:J2_15_0,0,0.0
26,:J2_1_0,0,0.0
26,:J2_2_0,0,0.0
26,:J2_3_0,0,0.0
26,:J2_4_0,0,0.0
26,:J2_5_0,0,0.0
26,:J2_6_0,0,0.0
26,:J2_7_0,0,0.0
26,:J2_8_0,0,0.0
26,:J2_9_0,0,0.0
26,:J3_0_0,0,0.0
26,:J3_10_0,0,0.0
26,:J3_11_0,0,0.0
26,:J3_12_0,0,0.0
26,:J3_13_0,0,0.0
26,:J3_14_0,0,0.0
26,:J3_15_0,0,0.0
26,:J3_1_0,0,0.0
26,:J3_2_0,0,0.0
26,:J3_3_0,0,0.0
26,:J3_4_0,0,0.0
26,:J3_5_0,0,0.0
26,:J3_6_0,0,0.0
26,:J3_7_0,0,0.0
26,:J3_8_0,0,0.0
26,:J3_9_0,0,0.0
26,:J4_0_0,0,0.0
26,:J4_10_0,0,0.0
26,:J4_11_0,0,0.0
26,:J4_12_0,0,0.0
26,:J4_13_0,0,0.0
26,:J4_14_0,0,0.0
26,:J4_15_0,0,0.0
26,:J4_1_0,0,0.0
26,:J4_2_0,0,0.0
26,:J4_3_0,0,0.0
26,:J4_4_0,0,0.0
26,:J4_5_0,0,0.0
26,:J4_6_0,0,0.0
26,:J4_7_0,0,0.0
26,:J4_8_0,0,0.0
26,:J4_9_0,0,0.0
26,:J5_0_0,0,0.0
26,:J5_1_0,0,0.0
26,:J5_2_0,0,0.0
26,:J5_3_0,0,0.0
26,:J5_4_0,0,0.0
26,:J5_5_0,0,0.0
26,:J5_6_0,0,0.0
26,:J6_0_0,0,0.0
26,:J6_1_0,0,0.0
26,:J6_2_0,0,0.0
26,:J6_3_0,0,0.0
26,:J6_4_0,0,0.0
26,:J6_5_0,0,0.0
26,:J6_6_0,0,0.0
26,:J7_0_0,0,0.0
26,:J7_1_0,0,0.0
26,:J8_0_0,0,0.0
26,:J8_1_0,0,0.0
26,:J9_0_0,0,0.0
26,:J9_1_0,0,0.0
26,E0_0,1,1.6
26,E10_0,0,0.0
26,E11_0,1,0.0
26,E12_0,0,0.0
26,E13_0,0,0.0
26,E14_0,0,0.0
26,E1_0,0,0.0
26,E2_0,0,0.0
26,E3_0,0,0.0
26,E5_0,0,0.0
26,E6_0,0,0.0
26,E7_0,0,0.0
26,E8_0,0,0.0
26,E9_0,0,0.0
27,-E0_0,0,0.0
27,-E10_0,0,0.0
27,-E11_0,0,0.0
27,-E12_0,0,0.0
27,-E13_0,2,0.0
27,-E14_0,0,0.0
27,-E1_0,2,0.0
27,-E2_0,0,0.0
27,-E3_0,0,0.0
27,-E5_0,0,0.0
27,-E6_0,1,0.0
27,-E7_0,0,0.0
27,-E8_0,0,0.0
27,-E9_0,1,0.0
27,:J10_0_0,0,0.0
27,:J10_1_0,0,0.0
27,:J2_0_0,0,0.0
27,:J2_10_0,0,0.0
27,:J2_11_0,0,0.0
27,:J2_12_0,0,0.0
27,:J2_13_0,0,0.0
27,:J2_14_0,0,0.0
27,:J2_15_0,0,0.0
27,:J2_1_0,0,0.0
27,:J2_2_0,0,0.0
27,:J2_3_0,0,0.0
27,:J2_4_0,0,0.0
27,:J2_5_0,0,0.0
27,:J2_6_0,0,0.0
27,:J2_7_0,0,0.0
27,:J2_8_0,0,0.0
27,:J2_9_0,0,0.0
27,:J3_0_0,0,0.0
27,:J3_10_0,0,0.0
27,:J3_11_0,0,0.0
27,:J3_12_0,0,0.0
27,:J3_13_0,0,0.0
27,:J3_14_0,0,0.0
27,:J3_15_0,0,0.0
27,:J3_1_0,0,0.0
27,:J3_2_0,0,0.0
27,:J3_3_0,0,0.0
27,:J3_4_0,0,0.0
27,:J3_5_0,0,0.0
27,:J3_6_0,0,0.0
27,:J3_7_0,0,0.0
27,:J3_8_0,0,0.0
27,:J3_9_0,0,0.0
27,:J4_0_0,0,0.0
27,:J4_10_0,0,0.0
27,:J4_11_0,0,0.0
27,:J4_12_0,0,0.0
27,:J4_13_0,0,0.0
27,:J4_14_0,0,0.0
27,:J4_15_0,0,0.0
27,:J4_1_0,0,0.0
27,:J4_2_0,0,0.0
27,:J4_3_0,0,0.0
27,:J4_4_0,0,0.0
27,:J4_5_0,0,0.0
27,:J4_6_0,0,0.0
27,:J4_7_0,0,0.0
27,:J4_8_0,0,0.0
27,:J4_9_0,0,0.0
27,:J5_0_0,0,0.0
27,:J5_1_0,0,0.0
27,:J5_2_0,0,0.0
27,:J5_3_0,0,0.0
27,:J5_4_0,0,0.0
27,:J5_5_0,0,0.0
27,:J5_6_0,0,0.0
27,:J6_0_0,0,0.0
27,:J6_1_0,0,0.0
27,:J6_2_0,0,0.0
27,:J6_3_0,0,0.0
27,:J6_4_0,0,0.0
27,:J6_5_0,0,0.0
27,:J6_6_0,0,0.0
27,:J7_0_0,0,0.0
27,:J7_1_0,0,0.0
27,:J8_0_0,0,0.0
27,:J8_1_0,1,0.0
27,:J9_0_0,0,0.0
27,:J9_1_0,0,0.0
27,E0_0,1,2.0
27,E10_0,0,0.0
27,E11_0,1,0.0
27,E12_0,0,0.0
27,E13_0,0,0.0
27,E14_0,0,0.0
27,E1_0,0,0.0
27,E2_0,0,0.0
27,E3_0,0,0.0
27,E5_0,0,0.0
27,E6_0,0,0.0
27,E7_0,0,0.0
27,E8_0,0,0.0
27,E9_0,0,0.0
28,-E0_0,0,0.0
28,-E10_0,0,0.0
28,-E11_0,0,0.0
28,-E12_0,0,0.0
28,-E13_0,3,0.0
28,-E14_0,0,0.0
28,-E1_0,2,0.0
28,-E2_0,0,0.0
28,-E3_0,0,0.0
28,-E5_0,0,0.0
28,-E6_0,2,0.0
28,-E7_0,0,0.0
28,-E8_0,0,0.0
28,-E9_0,1,0.0
28,:J10_0_0,0,0.0
28,:J10_1_0,0,0.0
28,:J2_0_0,0,0.0
28,:J2_10_0,0,0.0
28,:J2_11_0,0,0.0
28,:J2_12_0,0,0.0
28,:J2_13_0,0,0.0
28,:J2_14_0,0,0.0
28,:J2_15_0,0,0.0
28,:J2_1_0,0,0.0
28,:J2_2_0,0,0.0
28,:J2_3_0,0,0.0
28,:J2_4_0,0,0.0
28,:J2_5_0,0,0.0
28,:J2_6_0,0,0.0
28,:J2_7_0,0,0.0
28,:J2_8_0,0,0.0
28,:J2_9_0,0,0.0
28,:J3_0_0,0,0.0
28,:J3_10_0,0,0.0
28,:J3_11_0,0,0.0
28,:J3_12_0,0,0.0
28,:J3_13_0,0,0.0
28,:J3_14_0,0,0.0
28,:J3_15_0,0,0.0
28,:J3_1_0,0,0.0
28,:J3_2_0,0,0.0
28,:J3_3_0,0,0.0
28,:J3_4_0,0,0.0
28,:J3_5_0,0,0.0
28,:J3_6_0,0,0.0
28,:J3_7_0,0,0.0
28,:J3_8_0,0,0.0
28,:J3_9_0,0,0.0
28,:J4_0_0,0,0.0
28,:J4_10_0,0,0.0
28,:J4_11_0,0,0.0
28,:J4_12_0,0,0.0
28,:J4_13_0,0,0.0
28,:J4_14_0,0,0.0
28,:J4_15_0,0,0.0
28,:J4_1_0,0,0.0
28,:J4_2_0,0,0.0
28,:J4_3_0,0,0.0
28,:J4_4_0,0,0.0
28,:J4_5_0,0,0.0
28,:J4_6_0,0,0.0
28,:J4_7_0,0,0.0
28,:J4_8_0,0,0.0
28,:J4_9_0,0,0.0
28,:J5_0_0,0,0.0
28,:J5_1_0,0,0.0
28,:J5_2_0,0,0.0
28,:J5_3_0,0,0.0
28,:J5_4_0,0,0.0
28,:J5_5_0,0,0.0
28,:J5_6_0,0,0.0
28,:J6_0_0,0,0.0
28,:J6_1_0,0,0.0
28,:J6_2_0,0,0.0
28,:J6_3_0,0,0.0
28,:J6_4_0,0,0.0
28,:J6_5_0,0,0.0
28,:J6_6_0,0,0.0
28,:J7_0_0,0,0.0
28,:J7_1_0,0,0.0
28,:J8_0_0,0,0.0
28,:J8_1_0,1,0.0
28,:J9_0_0,0,0.0
28,:J9_1_0,0,0.0
28,E0_0,1,2.4
28,E10_0,0,0.0
28,E11_0,1,0.0
28,E12_0,0,0.0
28,E13_0,0,0.0
28,E14_0,0,0.0
28,E1_0,0,0.0
28,E2_0,0,0.0
28,E3_0,0,0.0
28,E5_0,0,0.0
28,E6_0,0,0.0
28,E7_0,0,0.0
28,E8_0,0,0.0
28,E9_0,0,0.0
29,-E0_0,0,0.0
29,-E10_0,0,0.0
29,-E11_0,0,0.0
29,-E12_0,0,0.0
29,-E13_0,2,0.0
29,-E14_0,0,0.0
29,-E1_0,2,0.0
29,-E2_0,0,0.0
29,-E3_0,0,0.0
29,-E5_0,0,0.0
29,-E6_0,2,0.0
29,-E7_0,0,0.0
29,-E8_0,0,0.0
29,-E9_0,1,0.0
29,:J10_0_0,0,0.0
29,:J10_1_0,0,0.0
29,:J2_0_0,0,0.0
29,:J2_10_0,0,0.0
29,:J2_11_0,0,0.0
29,:J2_12_0,0,0.0
29,:J2_13_0,0,0.0
29,:J2_14_0,0,0.0
29,:J2_15_0,0,0.0
29,:J2_1_0,0,0.0
29,:J2_2_0,0,0.0
29,:J2_3_0,0,0.0
29,:J2_4_0,0,0.0
29,:J2_5_0,0,0.0
29,:J2_6_0,0,0.0
29,:J2_7_0,0,0.0
29,:J2_8_0,0,0.0
29,:J2_9_0,0,0.0
29,:J3_0_0,0,0.0
29,:J3_10_0,0,0.0
29,:J3_11_0,0,0.0
29,:J3_12_0,0,0.0
29,:J3_13_0,0,0.0
29,:J3_14_0,0,0.0
29,:J3_15_0,0,0.0
29,:J3_1_0,0,0.0
29,:J3_2_0,0,0.0
29,:J3_3_0,0,0.0
29,:J3_4_0,0,0.0
29,:J3_5_0,0,0.0
29,:J3_6_0,0,0.0
29,:J3_7_0,0,0.0
29,:J3_8_0,0,0.0
29,:J3_9_0,0,0.0
29,:J4_0_0,0,0.0
29,:J4_10_0,0,0.0
29,:J4_11_0,0,0.0
29,:J4_12_0,0,0.0
29,:J4_13_0,0,0.0
29,:J4_14_0,0,0.0
29,:J4_15_0,0,0.0
29,:J4_1_0,1,0.0
29,:J4_2_0,0,0.0
29,:J4_3_0,0,0.0
29,:J4_4_0,0,0.0
29,:J4_5_0,0,0.0
29,:J4_6_0,0,0.0
29,:J4_7_0,0,0.0
29,:J4_8_0,0,0.0
29,:J4_9_0,0,0.0
29,:J5_0_0,0,0.0
29,:J5_1_0,0,0.0
29,:J5_2_0,0,0.0
29,:J5_3_0,0,0.0
29,:J5_4_0,0,0.0
29,:J5_5_0,0,0.0
29,:J5_6_0,0,0.0
29,:J6_0_0,0,0.0
29,:J6_1_0,0,0.0
29,:J6_2_0,0,0.0
29,:J6_3_0,0,0.0
29,:J6_4_0,0,0.0
29,:J6_5_0,0,0.0
29,:J6_6_0,0,0.0
29,:J7_0_0,0,0.0
29,:J7_1_0,0,0.0
29,:J8_0_0,0,0.0
29,:J8_1_0,1,0.0
29,:J9_0_0,0,0.0
29,:J9_1_0,0,0.0
29,E0_0,1,2.8
29,E10_0,0,0.0
29,E11_0,1,0.0
29,E12_0,0,0.0
29,E13_0,0,0.0
29,E14_0,0,0.0
29,E1_0,0,0.0
29,E2_0,0,0.0
29,E3_0,0,0.0
29,E5_0,0,0.0
29,E6_0,0,0.0
29,E7_0,0,0.0
29,E8_0,0,0.0
29,E9_0,0,0.0
30,-E0_0,0,0.0
30,-E10_0,0,0.0
30,-E11_0,0,0.0
30,-E12_0,0,0.0
30,-E13_0,2,0.0
30,-E14_0,0,0.0
30,-E1_0,2,0.0
30,-E2_0,0,0.0
30,-E3_0,0,0.0
30,-E5_0,0,0.0
30,-E6_0,2,0.0
30,-E7_0,1,0.0
30,-E8_0,0,0.0
30,-E9_0,1,0.0
30,:J10_0_0,0,0.0
30,:J10_1_0,0,0.0
30,:J2_0_0,0,0.0
30,:J2_10_0,0,0.0
30,:J2_11_0,0,0.0
30,:J2_12_0,0,0.0
30,:J2_13_0,0,0.0
30,:J2_14_0,0,0.0
30,:J2_15_0,0,0.0
30,:J2_1_0,0,0.0
30,:J2_2_0,0,0.0
30,:J2_3_0,0,0.0
30,:J2_4_0,0,0.0
30,:J2_5_0,0,0.0
30,:J2_6_0,0,0.0
30,:J2_7_0,0,0.0
30,:J2_8_0,0,0.0
30,:J2_9_0,0,0.0
30,:J3_0_0,0,0.0
30,:J3_10_0,0,0.0
30,:J3_11_0,0,0.0
30,:J3_12_0,0,0.0
30,:J3_13_0,0,0.0
30,:J3_14_0,0,0.0
30,:J3_15_0,0,0.0
30,:J3_1_0,0,0.0
30,:J3_2_0,0,0.0
30,:J3_3_0,0,0.0
30,:J3_4_0,0,0.0
30,:J3_5_0,0,0.0
30,:J3_6_0,0,0.0
30,:J3_7_0,0,0.0
30,:J3_8_0,0,0.0
30,:J3_9_0,0,0.0
30,:J4_0_0,0,0.0
30,:J4_10_0,0,0.0
30,:J4_11_0,0,0.0
30,:J4_12_0,0,0.0
30,:J4_13_0,0,0.0
30,:J4_14_0,0,0.0
30,:J4_15_0,0,0.0
30,:J4_1_0,1,0.0
30,:J4_2_0,0,0.0
30,:J4_3_0,0,0.0
30,:J4_4_0,0,0.0
30,:J4_5_0,0,0.0
30,:J4_6_0,0,0.0
30,:J4_7_0,0,0.0
30,:J4_8_0,0,0.0
30,:J4_9_0,0,0.0
30,:J5_0_0,0,0.0
30,:J5_1_0,0,0.0
30,:J5_2_0,0,0.0
30,:J5_3_0,0,0.0
30,:J5_4_0,0,0.0
30,:J5_5_0,0,0.0
30,:J5_6_0,0,0.0
30,:J6_0_0,0,0.0
30,:J6_1_0,0,0.0
30,:J6_2_0,0,0.0
30,:J6_3_0,0,0.0
30,:J6_4_0,0,0.0
30,:J6_5_0,0,0.0
30,:J6_6_0,0,0.0
30,:J7_0_0,0,0.0
30,:J7_1_0,0,0.0
30,:J8_0_0,0,0.0
30,:J8_1_0,0,0.0
30,:J9_0_0,0,0.0
30,:J9_1_0,0,0.0
30,E0_0,1,3.2
30,E10_0,0,0.0
30,E11_0,2,0.0
30,E12_0,0,0.0
30,E13_0,0,0.0
30,E14_0,0,0.0
30,E1_0,0,0.0
30,E2_0,0,0.0
30,E3_0,0,0.0
30,E5_0,0,0.0
30,E6_0,0,0.0
30,E7_0,0,0.0
30,E8_0,1,0.0
30,E9_0,0,0.0
31,-E0_0,0,0.0
31,-E10_0,0,0.0
31,-E11_0,0,0.0
31,-E12_0,0,0.0
31,-E13_0,2,0.0
31,-E14_0,0,0.0
31,-E1_0,2,0.0
31,-E2_0,0,0.0
31,-E3_0,0,0.0
31,-E5_0,0,0.0
31,-E6_0,2,0.0
31,-E7_0,1,0.0
31,-E8_0,0,0.0
31,-E9_0,1,0.0
31,:J10_0_0,0,0.0
31,:J10_1_0,0,0.0
31,:J2_0_0,0,0.0
31,:J2_10_0,0,0.0
31,:J2_11_0,0,0.0
31,:J2_12_0,0,0.0
31,:J2_13_0,0,0.0
31,:J2_14_0,0,0.0
31,:J2_15_0,0,0.0
31,:J2_1_0,0,0.0
31,:J2_2_0,0,0.0
31,:J2_3_0,0,0.0
31,:J2_4_0,0,0.0
31,:J2_5_0,0,0.0
31,:J2_6_0,0,0.0
31,:J2_7_0,0,0.0
31,:J2_8_0,0,0.0
31,:J2_9_0,0,0.0
31,:J3_0_0,0,0.0
31,:J3_10_0,0,0.0
31,:J3_11_0,0,0.0
31,:J3_12_0,0,0.0
31,:J3_13_0,0,0.0
31,:J3_14_0,0,0.0
31,:J3_15_0,0,0.0
31,:J3_1_0,0,0.0
31,:J3_2_0,0,0.0
31,:J3_3_0,0,0.0
31,:J3_4_0,0,0.0
31,:J3_5_0,0,0.0
31,:J3_6_0,0,0.0
31,:J3_7_0,0,0.0
31,:J3_8_0,0,0.0
31,:J3_9_0,0,0.0
31,:J4_0_0,0,0.0
31,:J4_10_0,0,0.0
31,:J4_11_0,0,0.0
31,:J4_12_0,0,0.0
31,:J4_13_0,0,0.0
31,:J4_14_0,0,0.0
31,:J4_15_0,0,0.0
31,:J4_1_0,1,0.0
31,:J4_2_0,0,0.0
31,:J4_3_0,0,0.0
31,:J4_4_0,0,0.0
31,:J4_5_0,0,0.0
31,:J4_6_0,0,0.0
31,:J4_7_0,0,0.0
31,:J4_8_0,0,0.0
31,:J4_9_0,0,0.0
31,:J5_0_0,0,0.0
31,:J5_1_0,0,0.0
31,:J5_2_0,0,0.0
31,:J5_3_0,0,0.0
31,:J5_4_0,0,0.0
31,:J5_5_0,0,0.0
31,:J5_6_0,0,0.0
31,:J6_0_0,0,0.0
31,:J6_1_0,0,0.0
31,:J6_2_0,0,0.0
31,:J6_3_0,0,0.0
31,:J6_4_0,0,0.0
31,:J6_5_0,0,0.0
31,:J6_6_0,0,0.0
31,:J7_0_0,0,0.0
31,:J7_1_0,0,0.0
31,:J8_0_0,0,0.0
31,:J8_1_0,0,0.0
31,:J9_0_0,0,0.0
31,:J9_1_0,0,0.0
31,E0_0,1,3.6
31,E10_0,0,0.0
31,E11_0,2,0.0
31,E12_0,0,0.0
31,E13_0,0,0.0
31,E14_0,0,0.0
31,E1_0,0,0.0
31,E2_0,0,0.0
31,E3_0,0,0.0
31,E5_0,0,0.0
31,E6_0,0,0.0
31,E7_0,0,0.0
31,E8_0,1,0.0
31,E9_0,0,0.0
32,-E0_0,0,0.0
32,-E10_0,0,0.0
32,-E11_0,0,0.0
32,-E12_0,0,0.0
32,-E13_0,2,0.0
32,-E14_0,0,0.0
32,-E1_0,3,0.4
32,-E2_0,0,0.0
32,-E3_0,0,0.0
32,-E5_0,0,0.0
32,-E6_0,2,0.0
32,-E7_0,1,0.0
32,-E8_0,0,0.0
32,-E9_0,1,0.0
32,:J10_0_0,0,0.0
32,:J10_1_0,0,0.0
32,:J2_0_0,0,0.0
32,:J2_10_0,0,0.0
32,:J2_11_0,0,0.0
32,:J2_12_0,0,0.0
32,:J2_13_0,0,0.0
32,:J2_14_0,0,0.0
32,:J2_15_0,0,0.0
32,:J2_1_0,0,0.0
32,:J2_2_0,0,0.0
32,:J2_3_0,0,0.0
32,:J2_4_0,0,0.0
32,:J2_5_0,0,0.0
32,:J2_6_0,0,0.0
32,:J2_7_0,0,0.0
32,:J2_8_0,0,0.0
32,:J2_9_0,0,0.0
32,:J3_0_0,0,0.0
32,:J3_10_0,0,0.0
32,:J3_11_0,0,0.0
32,:J3_12_0,0,0.0
32,:J3_13_0,0,0.0
32,:J3_14_0,0,0.0
32,:J3_15_0,0,0.0
32,:J3_1_0,0,0.0
32,:J3_2_0,0,0.0
32,:J3_3_0,0,0.0
32,:J3_4_0,0,0.0
32,:J3_5_0,0,0.0
32,:J3_6_0,0,0.0
32,:J3_7_0,0,0.0
32,:J3_8_0,0,0.0
32,:J3_9_0,0,0.0
32,:J4_0_0,0,0.0
32,:J4_10_0,0,0.0
32,:J4_11_0,0,0.0
32,:J4_12_0,0,0.0
32,:J4_13_0,0,0.0
32,:J4_14_0,0,0.0
32,:J4_15_0,0,0.0
32,:J4_1_0,0,0.0
32,:J4_2_0,0,0.0
32,:J4_3_0,0,0.0
32,:J4_4_0,0,0.0
32,:J4_5_0,0,0.0
32,:J4_6_0,0,0.0
32,:J4_7_0,0,0.0
32,:J4_8_0,0,0.0
32,:J4_9_0,0,0.0
32,:J5_0_0,0,0.0
32,:J5_1_0,0,0.0
32,:J5_2_0,0,0.0
32,:J5_3_0,0,0.0
32,:J5_4_0,0,0.0
32,:J5_5_0,0,0.0
32,:J5_6_0,0,0.0
32,:J6_0_0,0,0.0
32,:J6_1_0,0,0.0
32,:J6_2_0,0,0.0
32,:J6_3_0,0,0.0
32,:J6_4_0,0,0.0
32,:J6_5_0,0,0.0
32,:J6_6_0,0,0.0
32,:J7_0_0,0,0.0
32,:J7_1_0,0,0.0
32,:J8_0_0,0,0.0
32,:J8_1_0,0,0.0
32,:J9_0_0,0,0.0
32,:J9_1_0,0,0.0
32,E0_0,1,4.0
32,E10_0,0,0.0
32,E11_0,2,0.0
32,E12_0,0,0.0
32,E13_0,0,0.0
32,E14_0,0,0.0
32,E1_0,0,0.0
32,E2_0,0,0.0
32,E3_0,0,0.0
32,E5_0,0,0.0
32,E6_0,0,0.0
32,E7_0,0,0.0
32,E8_0,1,0.0
32,E9_0,0,0.0
33,-E0_0,0,0.0
33,-E10_0,0,0.0
33,-E11_0,0,0.0
33,-E12_0,1,0.0
33,-E13_0,2,0.0
33,-E14_0,0,0.0
33,-E1_0,3,0.8
33,-E2_0,0,0.0
33,-E3_0,0,0.0
33,-E5_0,0,0.0
33,-E6_0,2,0.0
33,-E7_0,1,0.0
33,-E8_0,0,0.0
33,-E9_0,1,0.0
33,:J10_0_0,0,0.0
33,:J10_1_0,0,0.0
33,:J2_0_0,0,0.0
33,:J2_10_0,0,0.0
33,:J2_11_0,0,0.0
33,:J2_12_0,0,0.0
33,:J2_13_0,0,0.0
33,:J2_14_0,0,0.0
33,:J2_15_0,0,0.0
33,:J2_1_0,0,0.0
33,:J2_2_0,0,0.0
33,:J2_3_0,0,0.0
33,:J2_4_0,0,0.0
33,:J2_5_0,0,0.0
33,:J2_6_0,0,0.0
33,:J2_7_0,0,0.0
33,:J2_8_0,0,0.0
33,:J2_9_0,0,0.0
33,:J3_0_0,0,0.0
33,:J3_10_0,0,0.0
33,:J3_11_0,0,0.0
33,:J3_12_0,0,0.0
33,:J3_13_0,0,0.0
33,:J3_14_0,0,0.0
33,:J3_15_0,0,0.0
33,:J3_1_0,0,0.0
33,:J3_2_0,0,0.0
33,:J3_3_0,0,0.0
33,:J3_4_0,0,0.0
33,:J3_5_0,0,0.0
33,:J3_6_0,0,0.0
33,:J3_7_0,0,0.0
33,:J3_8_0,0,0.0
33,:J3_9_0,0,0.0
33,:J4_0_0,0,0.0
33,:J4_10_0,0,0.0
33,:J4_11_0,0,0.0
33,:J4_12_0,0,0.0
33,:J4_13_0,0,0.0
33,:J4_14_0,0,0.0
33,:J4_15_0,0,0.0
33,:J4_1_0,0,0.0
33,:J4_2_0,0,0.0
33,:J4_3_0,0,0.0
33,:J4_4_0,0,0.0
33,:J4_5_0,0,0.0
33,:J4_6_0,0,0.0
33,:J4_7_0,0,0.0
33,:J4_8_0,0,0.0
33,:J4_9_0,0,0.0
33,:J5_0_0,0,0.0
33,:J5_1_0,0,0.0
33,:J5_2_0,0,0.0
33,:J5_3_0,0,0.0
33,:J5_4_0,0,0.0
33,:J5_5_0,0,0.0
33,:J5_6_0,0,0.0
33,:J6_0_0,0,0.0
33,:J6_1_0,0,0.0
33,:J6_2_0,0,0.0
33,:J6_3_0,0,0.0
33,:J6_4_0,0,0.0
33,:J6_5_0,0,0.0
33,:J6_6_0,0,0.0
33,:J7_0_0,0,0.0
33,:J7_1_0,0,0.0
33,:J8_0_0,0,0.0
33,:J8_1_0,0,0.0
33,:J9_0_0,0,0.0
33,:J9_1_0,0,0.0
33,E0_0,1,4.4
33,E10_0,0,0.0
33,E11_0,2,0.0
33,E12_0,0,0.0
33,E13_0,0,0.0
33,E14_0,0,0.0
33,E1_0,0,0.0
33,E2_0,0,0.0
33,E3_0,0,0.0
33,E5_0,0,0.0
33,E6_0,0,0.0
33,E7_0,0,0.0
33,E8_0,1,0.0
33,E9_0,0,0.0
34,-E0_0,0,0.0
34,-E10_0,0,0.0
34,-E11_0,0,0.0
34,-E12_0,1,0.0
34,-E13_0,2,0.0
34,-E14_0,0,0.0
34,-E1_0,3,1.2
34,-E2_0,0,0.0
34,-E3_0,0,0.0
34,-E5_0,0,0.0
34,-E6_0,2,0.0
34,-E7_0,1,0.0
34,-E8_0,0,0.0
34,-E9_0,1,0.0
34,:J10_0_0,0,0.0
34,:J10_1_0,0,0.0
34,:J2_0_0,0,0.0
34,:J2_10_0,0,0.0
34,:J2_11_0,0,0.0
34,:J2_12_0,0,0.0
34,:J2_13_0,0,0.0
34,:J2_14_0,0,0.0
34,:J2_15_0,0,0.0
34,:J2_1_0,0,0.0
34,:J2_2_0,0,0.0
34,:J2_3_0,0,0.0
34,:J2_4_0,0,0.0
34,:J2_5_0,0,0.0
34,:J2_6_0,0,0.0
34,:J2_7_0,0,0.0
34,:J2_8_0,0,0.0
34,:J2_9_0,0,0.0
34,:J3_0_0,0,0.0
34,:J3_10_0,0,0.0
34,:J3_11_0,0,0.0
34,:J3_12_0,0,0.0
34,:J3_13_0,0,0.0
34,:J3_14_0,0,0.0
34,:J3_15_0,0,0.0
34,:J3_1_0,0,0.0
34,:J3_2_0,0,0.0
34,:J3_3_0,0,0.0
34,:J3_4_0,0,0.0
34,:J3_5_0,0,0.0
34,:J3_6_0,0,0.0
34,:J3_7_0,0,0.0
34,:J3_8_0,0,0.0
34,:J3_9_0,0,0.0
34,:J4_0_0,0,0.0
34,:J4_10_0,0,0.0
34,:J4_11_0,0,0.0
34,:J4_12_0,0,0.0
34,:J4_13_0,0,0.0
34,:J4_14_0,0,0.0
34,:J4_15_0,0,0.0
34,:J4_1_0,0,0.0
34,:J4_2_0,0,0.0
34,:J4_3_0,0,0.0
34,:J4_4_0,0,0.0
34,:J4_5_0,0,0.0
34,:J4_6_0,0,0.0
34,:J4_7_0,0,0.0
34,:J4_8_0,0,0.0
34,:J4_9_0,0,0.0
34,:J5_0_0,0,0.0
34,:J5_1_0,0,0.0
34,:J5_2_0,0,0.0
34,:J5_3_0,0,0.0
34,:J5_4_0,0,0.0
34,:J5_5_0,0,0.0
34,:J5_6_0,0,0.0
34,:J6_0_0,0,0.0
34,:J6_1_0,0,0.0
34,:J6_2_0,0,0.0
34,:J6_3_0,0,0.0
34,:J6_4_0,0,0.0
34,:J6_5_0,0,0.0
34,:J6_6_0,0,0.0
34,:J7_0_0,0,0.0
34,:J7_1_0,0,0.0
34,:J8_0_0,0,0.0
34,:J8_1_0,0,0.0
34,:J9_0_0,0,0.0
34,:J9_1_0,0,0.0
34,E0_0,1,4.8
34,E10_0,0,0.0
34,E11_0,2,0.0
34,E12_0,0,0.0
34,E13_0,0,0.0
34,E14_0,0,0.0
34,E1_0,0,0.0
34,E2_0,0,0.0
34,E3_0,0,0.0
34,E5_0,0,0.0
34,E6_0,0,0.0
34,E7_0,0,0.0
34,E8_0,1,0.0
34,E9_0,0,0.0
35,-E0_0,0,0.0
35,-E10_0,0,0.0
35,-E11_0,0,0.0
35,-E12_0,1,0.0
35,-E13_0,2,0.0
35,-E14_0,0,0.0
35,-E1_0,3,1.6
35,-E2_0,0,0.0
35,-E3_0,0,0.0
35,-E5_0,0,0.0
35,-E6_0,2,0.0
35,-E7_0,1,0.0
35,-E8_0,0,0.0
35,-E9_0,0,0.0
35,:J10_0_0,1,0.0
35,:J10_1_0,0,0.0
35,:J2_0_0,0,0.0
35,:J2_10_0,0,0.0
35,:J2_11_0,0,0.0
35,:J2_12_0,0,0.0
35,:J2_13_0,0,0.0
35,:J2_14_0,0,0.0
35,:J2_15_0,0,0.0
35,:J2_1_0,0,0.0
35,:J2_2_0,0,0.0
35,:J2_3_0,0,0.0
35,:J2_4_0,0,0.0
35,:J2_5_0,0,0.0
35,:J2_6_0,0,0.0
35,:J2_7_0,0,0.0
35,:J2_8_0,0,0.0
35,:J2_9_0,0,0.0
35,:J3_0_0,0,0.0
35,:J3_10_0,0,0.0
35,:J3_11_0,0,0.0
35,:J3_12_0,0,0.0
35,:J3_13_0,0,0.0
35,:J3_14_0,0,0.0
35,:J3_15_0,0,0.0
35,:J3_1_0,0,0.0
35,:J3_2_0,0,0.0
35,:J3_3_0,0,0.0
35,:J3_4_0,0,0.0
35,:J3_5_0,0,0.0
35,:J3_6_0,0,0.0
35,:J3_7_0,0,0.0
35,:J3_8_0,0,0.0
35,:J3_9_0,0,0.0
35,:J4_0_0,0,0.0
35,:J4_10_0,0,0.0
35,:J4_11_0,0,0.0
35,:J4_12_0,0,0.0
35,:J4_13_0,0,0.0
35,:J4_14_0,0,0.0
35,:J4_15_0,0,0.0
35,:J4_1_0,0,0.0
35,:J4_2_0,0,0.0
35,:J4_3_0,0,0.0
35,:J4_4_0,0,0.0
35,:J4_5_0,0,0.0
35,:J4_6_0,0,0.0
35,:J4_7_0,0,0.0
35,:J4_8_0,0,0.0
35,:J4_9_0,0,0.0
35,:J5_0_0,0,0.0
35,:J5_1_0,0,0.0
35,:J5_2_0,0,0.0
35,:J5_3_0,0,0.0
35,:J5_4_0,0,0.0
35,:J5_5_0,0,0.0
35,:J5_6_0,0,0.0
35,:J6_0_0,0,0.0
35,:J6_1_0,0,0.0
35,:J6_2_0,0,0.0
35,:J6_3_0,0,0.0
35,:J6_4_0,0,0.0
35,:J6_5_0,0,0.0
35,:J6_6_0,0,0.0
35,:J7_0_0,0,0.0
35,:J7_1_0,0,0.0
35,:J8_0_0,0,0.0
35,:J8_1_0,0,0.0
35,:J9_0_0,0,0.0
35,:J9_1_0,1,0.0
35,E0_0,1,5.2
35,E10_0,0,0.0
35,E11_0,1,0.0
35,E12_0,0,0.0
35,E13_0,0,0.0
35,E14_0,0,0.0
35,E1_0,0,0.0
35,E2_0,1,0.0
35,E3_0,0,0.0
35,E5_0,0,0.0
35,E6_0,0,0.0
35,E7_0,0,0.0
35,E8_0,1,0.0
35,E9_0,0,0.0
36,-E0_0,0,0.0
36,-E10_0,0,0.0
36,-E11_0,0,0.0
36,-E12_0,1,0.0
36,-E13_0,1,0.0
36,-E14_0,0,0.0
36,-E1_0,3,2.0
36,-E2_0,0,0.0
36,-E3_0,0,0.0
36,-E5_0,0,0.0
36,-E6_0,1,0.0
36,-E7_0,1,0.0
36,-E8_0,0,0.0
36,-E9_0,0,0.0
36,:J10_0_0,1,0.0
36,:J10_1_0,0,0.0
36,:J2_0_0,0,0.0
36,:J2_10_0,0,0.0
36,:J2_11_0,0,0.0
36,:J2_12_0,0,0.0
36,:J2_13_0,0,0.0
36,:J2_14_0,0,0.0
36,:J2_15_0,0,0.0
36,:J2_1_0,0,0.0
36,:J2_2_0,0,0.0
36,:J2_3_0,0,0.0
36,:J2_4_0,0,0.0
36,:J2_5_0,0,0.0
36,:J2_6_0,0,0.0
36,:J2_7_0,0,0.0
36,:J2_8_0,0,0.0
36,:J2_9_0,0,0.0
36,:J3_0_0,0,0.0
36,:J3_10_0,0,0.0
36,:J3_11_0,0,0.0
36,:J3_12_0,0,0.0
36,:J3_13_0,0,0.0
36,:J3_14_0,0,0.0
36,:J3_15_0,0,0.0
36,:J3_1_0,0,0.0
36,:J3_2_0,0,0.0
36,:J3_3_0,0,0.0
36,:J3_4_0,0,0.0
36,:J3_5_0,0,0.0
36,:J3_6_0,0,0.0
36,:J3_7_0,0,0.0
36,:J3_8_0,0,0.0
36,:J3_9_0,0,0.0
36,:J4_0_0,0,0.0
36,:J4_10_0,0,0.0
36,:J4_11_0,0,0.0
36,:J4_12_0,0,0.0
36,:J4_13_0,0,0.0
36,:J4_14_0,0,0.0
36,:J4_15_0,0,0.0
36,:J4_1_0,1,0.0
36,:J4_2_0,0,0.0
36,:J4_3_0,0,0.0
36,:J4_4_0,0,0.0
36,:J4_5_0,0,0.0
36,:J4_6_0,0,0.0
36,:J4_7_0,0,0.0
36,:J4_8_0,0,0.0
36,:J4_9_0,0,0.0
36,:J5_0_0,0,0.0
36,:J5_1_0,0,0.0
36,:J5_2_0,0,0.0
36,:J5_3_0,0,0.0
36,:J5_4_0,0,0.0
36,:J5_5_0,0,0.0
36,:J5_6_0,0,0.0
36,:J6_0_0,0,0.0
36,:J6_1_0,0,0.0
36,:J6_2_0,0,0.0
36,:J6_3_0,1,0.0
36,:J6_4_0,0,0.0
36,:J6_5_0,0,0.0
36,:J6_6_0,0,0.0
36,:J7_0_0,0,0.0
36,:J7_1_0,0,0.0
36,:J8_0_0,0,0.0
36,:J8_1_0,0,0.0
36,:J9_0_0,0,0.0
36,:J9_1_0,0,0.0
36,E0_0,1,5.6
36,E10_0,1,0.0
36,E11_0,1,0.0
36,E12_0,0,0.0
36,E13_0,0,0.0
36,E14_0,0,0.0
36,E1_0,0,0.0
36,E2_0,1,0.0
36,E3_0,0,0.0
36,E5_0,0,0.0
36,E6_0,0,0.0
36,E7_0,0,0.0
36,E8_0,1,0.0
36,E9_0,0,0.0
37,-E0_0,0,0.0
37,-E10_0,0,0.0
37,-E11_0,0,0.0
37,-E12_0,1,0.0
37,-E13_0,1,0.0
37,-E14_0,0,0.0
37,-E1_0,3,2.4
37,-E2_0,0,0.0
37,-E3_0,0,0.0
37,-E5_0,0,0.0
37,-E6_0,1,0.0
37,-E7_0,1,0.0
37,-E8_0,0,0.0
37,-E9_0,0,0.0
37,:J10_0_0,1,0.0
37,:J10_1_0,0,0.0
37,:J2_0_0,0,0.0
37,:J2_10_0,0,0.0
37,:J2_11_0,0,0.0
37,:J2_12_0,0,0.0
37,:J2_13_0,0,0.0
37,:J2_14_0,0,0.0
37,:J2_15_0,0,0.0
37,:J2_1_0,0,0.0
37,:J2_2_0,0,0.0
37,:J2_3_0,0,0.0
37,:J2_4_0,0,0.0
37,:J2_5_0,0,0.0
37,:J2_6_0,0,0.0
37,:J2_7_0,0,0.0
37,:J2_8_0,0,0.0
37,:J2_9_0,0,0.0
37,:J3_0_0,0,0.0
37,:J3_10_0,0,0.0
37,:J3_11_0,0,0.0
37,:J3_12_0,0,0.0
37,:J3_13_0,0,0.0
37,:J3_14_0,0,0.0
37,:J3_15_0,0,0.0
37,:J3_1_0,0,0.0
37,:J3_2_0,0,0.0
37,:J3_3_0,0,0.0
37,:J3_4_0,0,0.0
37,:J3_5_0,0,0.0
37,:J3_6_0,0,0.0
37,:J3_7_0,0,0.0
37,:J3_8_0,0,0.0
37,:J3_9_0,0,0.0
37,:J4_0_0,0,0.0
37,:J4_10_0,0,0.0
37,:J4_11_0,0,0.0
37,:J4_12_0,0,0.0
37,:J4_13_0,0,0.0
37,:J4_14_0,0,0.0
37,:J4_15_0,0,0.0
37,:J4_1_0,1,0.0
37,:J4_2_0,0,0.0
37,:J4_3_0,0,0.0
37,:J4_4_0,0,0.0
37,:J4_5_0,0,0.0
37,:J4_6_0,0,0.0
37,:J4_7_0,0,0.0
37,:J4_8_0,0,0.0
37,:J4_9_0,0,0.0
37,:J5_0_0,0,0.0
37,:J5_1_0,0,0.0
37,:J5_2_0,0,0.0
37,:J5_3_0,0,0.0
37,:J5_4_0,0,0.0
37,:J5_5_0,0,0.0
37,:J5_6_0,0,0.0
37,:J6_0_0,0,0.0
37,:J6_1_0,0,0.0
37,:J6_2_0,0,0.0
37,:J6_3_0,1,0.0
37,:J6_4_0,0,0.0
37,:J6_5_0,0,0.0
37,:J6_6_0,0,0.0
37,:J7_0_0,0,0.0
37,:J7_1_0,0,0.0
37,:J8_0_0,0,0.0
37,:J8_1_0,0,0.0
37,:J9_0_0,0,0.0
37,:J9_1_0,0,0.0
37,E0_0,1,6.0
37,E10_0,1,0.0
37,E11_0,1,0.0
37,E12_0,0,0.0
37,E13_0,0,0.0
37,E14_0,0,0.0
37,E1_0,0,0.0
37,E2_0,1,0.0
37,E3_0,0,0.0
37,E5_0,0,0.0
37,E6_0,0,0.0
37,E7_0,0,0.0
37,E8_0,1,0.0
37,E9_0,0,0.0
38,-E0_0,0,0.0
38,-E10_0,0,0.0
38,-E11_0,0,0.0
38,-E12_0,1,0.0
38,-E13_0,1,0.0
38,-E14_0,0,0.0
38,-E1_0,3,2.8
38,-E2_0,0,0.0
38,-E3_0,0,0.0
38,-E5_0,0,0.0
38,-E6_0,1,0.0
38,-E7_0,1,0.0
38,-E8_0,0,0.0
38,-E9_0,0,0.0
38,:J10_0_0,1,0.0
38,:J10_1_0,0,0.0
38,:J2_0_0,0,0.0
38,:J2_10_0,0,0.0
38,:J2_11_0,0,0.0
38,:J2_12_0,0,0.0
38,:J2_13_0,0,0.0
38,:J2_14_0,0,0.0
38,:J2_15_0,0,0.0
38,:J2_1_0,0,0.0
38,:J2_2_0,0,0.0
38,:J2_3_0,0,0.0
38,:J2_4_0,0,0.0
38,:J2_5_0,0,0.0
38,:J2_6_0,0,0.0
38,:J2_7_0,0,0.0
38,:J2_8_0,0,0.0
38,:J2_9_0,0,0.0
38,:J3_0_0,0,0.0
38,:J3_10_0,0,0.0
38,:J3_11_0,0,0.0
38,:J3_12_0,0,0.0
38,:J3_13_0,0,0.0
38,:J3_14_0,0,0.0
38,:J3_15_0,0,0.0
38,:J3_1_0,0,0.0
38,:J3_2_0,0,0.0
38,:J3_3_0,0,0.0
38,:J3_4_0,0,0.0
38,:J3_5_0,0,0.0
38,:J3_6_0,0,0.0
38,:J3_7_0,0,0.0
38,:J3_8_0,0,0.0
38,:J3_9_0,0,0.0
38,:J4_0_0,0,0.0
38,:J4_10_0,0,0.0
38,:J4_11_0,0,0.0
38,:J4_12_0,0,0.0
38,:J4_13_0,0,0.0
38,:J4_14_0,0,0.0
38,:J4_15_0,0,0.0
38,:J4_1_0,1,0.0
38,:J4_2_0,0,0.0
38,:J4_3_0,0,0.0
38,:J4_4_0,0,0.0
38,:J4_5_0,0,0.0
38,:J4_6_0,0,0.0
38,:J4_7_0,0,0.0
38,:J4_8_0,0,0.0
38,:J4_9_0,0,0.0
38,:J5_0_0,0,0.0
38,:J5_1_0,0,0.0
38,:J5_2_0,0,0.0
38,:J5_3_0,0,0.0
38,:J5_4_0,0,0.0
38,:J5_5_0,0,0.0
38,:J5_6_0,0,0.0
38,:J6_0_0,0,0.0
38,:J6_1_0,0,0.0
38,:J6_2_0,0,0.0
38,:J6_3_0,1,0.0
38,:J6_4_0,0,0.0
38,:J6_5_0,0,0.0
38,:J6_6_0,0,0.0
38,:J7_0_0,0,0.0
38,:J7_1_0,0,0.0
38,:J8_0_0,0,0.0
38,:J8_1_0,0,0.0
38,:J9_0_0,0,0.0
38,:J9_1_0,0,0.0
38,E0_0,1,6.4
38,E10_0,1,0.0
38,E11_0,2,0.0
38,E12_0,0,0.0
38,E13_0,0,0.0
38,E14_0,0,0.0
38,E1_0,0,0.0
38,E2_0,1,0.0
38,E3_0,0,0.0
38,E5_0,0,0.0
38,E6_0,0,0.0
38,E7_0,0,0.0
38,E8_0,1,0.0
38,E9_0,0,0.0
39,-E0_0,0,0.0
39,-E10_0,0,0.0
39,-E11_0,0,0.0
39,-E12_0,1,0.0
39,-E13_0,1,0.0
39,-E14_0,0,0.0
39,-E1_0,4,3.2
39,-E2_0,0,0.0
39,-E3_0,0,0.0
39,-E5_0,0,0.0
39,-E6_0,1,0.0
39,-E7_0,1,0.0
39,-E8_0,0,0.0
39,-E9_0,0,0.0
39,:J10_0_0,0,0.0
39,:J10_1_0,0,0.0
39,:J2_0_0,0,0.0
39,:J2_10_0,0,0.0
39,:J2_11_0,0,0.0
39,:J2_12_0,0,0.0
39,:J2_13_0,0,0.0
39,:J2_14_0,0,0.0
39,:J2_15_0,0,0.0
39,:J2_1_0,0,0.0
39,:J2_2_0,0,0.0
39,:J2_3_0,0,0.0
39,:J2_4_0,0,0.0
39,:J2_5_0,0,0.0
39,:J2_6_0,0,0.0
39,:J2_7_0,0,0.0
39,:J2_8_0,0,0.0
39,:J2_9_0,0,0.0
39,:J3_0_0,0,0.0
39,:J3_10_0,0,0.0
39,:J3_11_0,0,0.0
39,:J3_12_0,0,0.0
39,:J3_13_0,0,0.0
39,:J3_14_0,0,0.0
39,:J3_15_0,0,0.0
39,:J3_1_0,0,0.0
39,:J3_2_0,0,0.0
39,:J3_3_0,0,0.0
39,:J3_4_0,0,0.0
39,:J3_5_0,0,0.0
39,:J3_6_0,0,0.0
39,:J3_7_0,0,0.0
39,:J3_8_0,0,0.0
39,:J3_9_0,0,0.0
39,:J4_0_0,0,0.0
39,:J4_10_0,0,0.0
39,:J4_11_0,0,0.0
39,:J4_12_0,0,0.0
39,:J4_13_0,0,0.0
39,:J4_14_0,0,0.0
39,:J4_15_0,0,0.0
39,:J4_1_0,0,0.0
39,:J4_2_0,0,0.0
39,:J4_3_0,0,0.0
39,:J4_4_0,0,0.0
39,:J4_5_0,0,0.0
39,:J4_6_0,0,0.0
39,:J4_7_0,0,0.0
39,:J4_8_0,0,0.0
39,:J4_9_0,0,0.0
39,:J5_0_0,0,0.0
39,:J5_1_0,0,0.0
39,:J5_2_0,0,0.0
39,:J5_3_0,0,0.0
39,:J5_4_0,0,0.0
39,:J5_5_0,0,0.0
39,:J5_6_0,0,0.0
39,:J6_0_0,0,0.0
39,:J6_1_0,0,0.0
39,:J6_2_0,0,0.0
39,:J6_3_0,1,0.0
39,:J6_4_0,0,0.0
39,:J6_5_0,0,0.0
39,:J6_6_0,0,0.0
39,:J7_0_0,0,0.0
39,:J7_1_0,0,0.0
39,:J8_0_0,0,0.0
39,:J8_1_0,0,0.0
39,:J9_0_0,0,0.0
39,:J9_1_0,0,0.0
39,E0_0,1,6.8
39,E10_0,1,0.0
39,E11_0,2,0.0
39,E12_0,1,0.0
39,E13_0,0,0.0
39,E14_0,0,0.0
39,E1_0,0,0.0
39,E2_0,1,0.0
39,E3_0,0,0.0
39,E5_0,0,0.0
39,E6_0,0,0.0
39,E7_0,0,0.0
39,E8_0,1,0.0
39,E9_0,0,0.0
40,-E0_0,0,0.0
40,-E10_0,0,0.0
40,-E11_0,0,0.0
40,-E12_0,1,0.0
40,-E13_0,1,0.0
40,-E14_0,1,0.0
40,-E1_0,4,3.6
40,-E2_0,0,0.0
40,-E3_0,0,0.0
40,-E5_0,0,0.0
40,-E6_0,1,0.0
40,-E7_0,1,0.0
40,-E8_0,0,0.0
40,-E9_0,0,0.0
40,:J10_0_0,0,0.0
40,:J10_1_0,0,0.0
40,:J2_0_0,0,0.0
40,:J2_10_0,0,0.0
40,:J2_11_0,0,0.0
40,:J2_12_0,0,0.0
40,:J2_13_0,0,0.0
40,:J2_14_0,0,0.0
40,:J2_15_0,0,0.0
40,:J2_1_0,0,0.0
40,:J2_2_0,0,0.0
40,:J2_3_0,0,0.0
40,:J2_4_0,0,0.0
40,:J2_5_0,0,0.0
40,:J2_6_0,0,0.0
40,:J2_7_0,0,0.0
40,:J2_8_0,0,0.0
40,:J2_9_0,0,0.0
40,:J3_0_0,0,0.0
40,:J3_10_0,0,0.0
40,:J3_11_0,0,0.0
40,:J3_12_0,0,0.0
40,:J3_13_0,0,0.0
40,:J3_14_0,0,0.0
40,:J3_15_0,0,0.0
40,:J3_1_0,0,0.0
40,:J3_2_0,0,0.0
40,:J3_3_0,0,0.0
40,:J3_4_0,0,0.0
40,:J3_5_0,0,0.0
40,:J3_6_0,0,0.0
40,:J3_7_0,0,0.0
40,:J3_8_0,0,0.0
40,:J3_9_0,0,0.0
40,:J4_0_0,0,0.0
40,:J4_10_0,0,0.0
40,:J4_11_0,0,0.0
40,:J4_12_0,0,0.0
40,:J4_13_0,0,0.0
40,:J4_14_0,0,0.0
40,:J4_15_0,0,0.0
40,:J4_1_0,0,0.0
40,:J4_2_0,0,0.0
40,:J4_3_0,0,0.0
40,:J4_4_0,0,0.0
40,:J4_5_0,0,0.0
40,:J4_6_0,0,0.0
40,:J4_7_0,0,0.0
40,:J4_8_0,0,0.0
40,:J4_9_0,0,0.0
40,:J5_0_0,0,0.0
40,:J5_1_0,0,0.0
40,:J5_2_0,0,0.0
40,:J5_3_0,0,0.0
40,:J5_4_0,0,0.0
40,:J5_5_0,0,0.0
40,:J5_6_0,0,0.0
40,:J6_0_0,0,0.0
40,:J6_1_0,0,0.0
40,:J6_2_0,0,0.0
40,:J6_3_0,1,0.4
40,:J6_4_0,0,0.0
40,:J6_5_0,0,0.0
40,:J6_6_0,0,0.0
40,:J7_0_0,0,0.0
40,:J7_1_0,0,0.0
40,:J8_0_0,0,0.0
40,:J8_1_0,0,0.0
40,:J9_0_0,0,0.0
40,:J9_1_0,0,0.0
40,E0_0,1,7.2
40,E10_0,1,0.0
40,E11_0,2,0.0
40,E12_0,1,0.0
40,E13_0,0,0.0
40,E14_0,0,0.0
40,E1_0,0,0.0
40,E2_0,1,0.0
40,E3_0,0,0.0
40,E5_0,0,0.0
40,E6_0,0,0.0
40,E7_0,0,0.0
40,E8_0,1,0.0
40,E9_0,0,0.0
41,-E0_0,0,0.0
41,-E10_0,0,0.0
41,-E11_0,0,0.0
41,-E12_0,1,0.0
41,-E13_0,1,0.0
41,-E14_0,1,0.0
41,-E1_0,4,4.4
41,-E2_0,0,0.0
41,-E3_0,0,0.0
41,-E5_0,0,0.0
41,-E6_0,1,0.0
41,-E7_0,1,0.4
41,-E8_0,0,0.0
41,-E9_0,0,0.0
41,:J10_0_0,0,0.0
41,:J10_1_0,0,0.0
41,:J2_0_0,0,0.0
41,:J2_10_0,0,0.0
41,:J2_11_0,0,0.0
41,:J2_12_0,0,0.0
41,:J2_13_0,0,0.0
41,:J2_14_0,0,0.0
41,:J2_15_0,0,0.0
41,:J2_1_0,0,0.0
41,:J2_2_0,0,0.0
41,:J2_3_0,0,0.0
41,:J2_4_0,0,0.0
41,:J2_5_0,0,0.0
41,:J2_6_0,0,0.0
41,:J2_7_0,0,0.0
41,:J2_8_0,0,0.0
41,:J2_9_0,0,0.0
41,:J3_0_0,0,0.0
41,:J3_10_0,0,0.0
41,:J3_11_0,0,0.0
41,:J3_12_0,0,0.0
41,:J3_13_0,0,0.0
41,:J3_14_0,0,0.0
41,:J3_15_0,0,0.0
41,:J3_1_0,0,0.0
41,:J3_2_0,0,0.0
41,:J3_3_0,0,0.0
41,:J3_4_0,0,0.0
41,:J3_5_0,0,0.0
41,:J3_6_0,0,0.0
41,:J3_7_0,0,0.0
41,:J3_8_0,0,0.0
41,:J3_9_0,0,0.0
41,:J4_0_0,0,0.0
41,:J4_10_0,0,0.0
41,:J4_11_0,0,0.0
41,:J4_12_0,0,0.0
41,:J4_13_0,0,0.0
41,:J4_14_0,0,0.0
41,:J4_15_0,0,0.0
41,:J4_1_0,0,0.0
41,:J4_2_0,0,0.0
41,:J4_3_0,0,0.0
41,:J4_4_0,0,0.0
41,:J4_5_0,0,0.0
41,:J4_6_0,0,0.0
41,:J4_7_0,0,0.0
41,:J4_8_0,0,0.0
41,:J4_9_0,0,0.0
41,:J5_0_0,0,0.0
41,:J5_1_0,0,0.0
41,:J5_2_0,0,0.0
41,:J5_3_0,0,0.0
41,:J5_4_0,0,0.0
41,:J5_5_0,0,0.0
41,:J5_6_0,0,0.0
41,:J6_0_0,0,0.0
41,:J6_1_0,0,0.0
41,:J6_2_0,0,0.0
41,:J6_3_0,1,0.8
41,:J6_4_0,0,0.0
41,:J6_5_0,0,0.0
41,:J6_6_0,0,0.0
41,:J7_0_0,0,0.0
41,:J7_1_0,0,0.0
41,:J8_0_0,0,0.0
41,:J8_1_0,0,0.0
41,:J9_0_0,0,0.0
41,:J9_1_0,0,0.0
41,E0_0,1,7.6
41,E10_0,1,0.0
41,E11_0,2,0.0
41,E12_0,1,0.0
41,E13_0,0,0.0
41,E14_0,0,0.0
41,E1_0,0,0.0
41,E2_0,1,0.0
41,E3_0,0,0.0
41,E5_0,0,0.0
41,E6_0,0,0.0
41,E7_0,0,0.0
41,E8_0,1,0.0
41,E9_0,0,0.0
42,-E0_0,0,0.0
42,-E10_0,0,0.0
42,-E11_0,0,0.0
42,-E12_0,1,0.0
42,-E13_0,1,0.0
42,-E14_0,1,0.0
42,-E1_0,4,5.2
42,-E2_0,0,0.0
42,-E3_0,0,0.0
42,-E5_0,0,0.0
42,-E6_0,1,0.0
42,-E7_0,1,0.8
42,-E8_0,0,0.0
42,-E9_0,0,0.0
42,:J10_0_0,1,0.0
42,:J10_1_0,0,0.0
42,:J2_0_0,0,0.0
42,:J2_10_0,0,0.0
42,:J2_11_0,0,0.0
42,:J2_12_0,0,0.0
42,:J2_13_0,0,0.0
42,:J2_14_0,0,0.0
42,:J2_15_0,0,0.0
42,:J2_1_0,0,0.0
42,:J2_2_0,0,0.0
42,:J2_3_0,0,0.0
42,:J2_4_0,0,0.0
42,:J2_5_0,0,0.0
42,:J2_6_0,0,0.0
42,:J2_7_0,0,0.0
42,:J2_8_0,0,0.0
42,:J2_9_0,0,0.0
42,:J3_0_0,0,0.0
42,:J3_10_0,0,0.0
42,:J3_11_0,0,0.0
42,:J3_12_0,0,0.0
42,:J3_13_0,0,0.0
42,:J3_14_0,0,0.0
42,:J3_15_0,0,0.0
42,:J3_1_0,0,0.0
42,:J3_2_0,0,0.0
42,:J3_3_0,0,0.0
42,:J3_4_0,0,0.0
42,:J3_5_0,0,0.0
42,:J3_6_0,0,0.0
42,:J3_7_0,0,0.0
42,:J3_8_0,0,0.0
42,:J3_9_0,0,0.0
42,:J4_0_0,0,0.0
42,:J4_10_0,0,0.0
42,:J4_11_0,0,0.0
42,:J4_12_0,0,0.0
42,:J4_13_0,0,0.0
42,:J4_14_0,0,0.0
42,:J4_15_0,0,0.0
42,:J4_1_0,0,0.0
42,:J4_2_0,0,0.0
42,:J4_3_0,0,0.0
42,:J4_4_0,0,0.0
42,:J4_5_0,0,0.0
42,:J4_6_0,0,0.0
42,:J4_7_0,0,0.0
42,:J4_8_0,0,0.0
42,:J4_9_0,0,0.0
42,:J5_0_0,0,0.0
42,:J5_1_0,0,0.0
42,:J5_2_0,0,0.0
42,:J5_3_0,0,0.0
42,:J5_4_0,0,0.0
42,:J5_5_0,0,0.0
42,:J5_6_0,0,0.0
42,:J6_0_0,0,0.0
42,:J6_1_0,0,0.0
42,:J6_2_0,0,0.0
42,:J6_3_0,1,1.2
42,:J6_4_0,0,0.0
42,:J6_5_0,0,0.0
42,:J6_6_0,0,0.0
42,:J7_0_0,0,0.0
42,:J7_1_0,0,0.0
42,:J8_0_0,0,0.0
42,:J8_1_0,0,0.0
42,:J9_0_0,0,0.0
42,:J9_1_0,0,0.0
42,E0_0,1,8.0
42,E10_0,1,0.0
42,E11_0,1,0.0
42,E12_0,1,0.0
42,E13_0,0,0.0
42,E14_0,0,0.0
42,E1_0,0,0.0
42,E2_0,1,0.0
42,E3_0,0,0.0
42,E5_0,0,0.0
42,E6_0,0,0.0
42,E7_0,0,0.0
42,E8_0,1,0.0
42,E9_0,0,0.0
43,-E0_0,0,0.0
43,-E10_0,0,0.0
43,-E11_0,0,0.0
43,-E12_0,1,0.0
43,-E13_0,1,0.0
43,-E14_0,1,0.0
43,-E1_0,4,6.0
43,-E2_0,0,0.0
43,-E3_0,0,0.0
43,-E5_0,0,0.0
43,-E6_0,1,0.0
43,-E7_0,1,1.2
43,-E8_0,0,0.0
43,-E9_0,0,0.0
43,:J10_0_0,1,0.0
43,:J10_1_0,0,0.0
43,:J2_0_0,0,0.0
43,:J2_10_0,0,0.0
43,:J2_11_0,0,0.0
43,:J2_12_0,0,0.0
43,:J2_13_0,0,0.0
43,:J2_14_0,0,0.0
43,:J2_15_0,0,0.0
43,:J2_1_0,0,0.0
43,:J2_2_0,0,0.0
43,:J2_3_0,0,0.0
43,:J2_4_0,0,0.0
43,:J2_5_0,0,0.0
43,:J2_6_0,0,0.0
43,:J2_7_0,0,0.0
43,:J2_8_0,0,0.0
43,:J2_9_0,0,0.0
43,:J3_0_0,0,0.0
43,:J3_10_0,0,0.0
43,:J3_11_0,0,0.0
43,:J3_12_0,0,0.0
43,:J3_13_0,0,0.0
43,:J3_14_0,0,0.0
43,:J3_15_0,0,0.0
43,:J3_1_0,0,0.0
43,:J3_2_0,0,0.0
43,:J3_3_0,0,0.0
43,:J3_4_0,0,0.0
43,:J3_5_0,0,0.0
43,:J3_6_0,0,0.0
43,:J3_7_0,0,0.0
43,:J3_8_0,0,0.0
43,:J3_9_0,0,0.0
43,:J4_0_0,0,0.0
43,:J4_10_0,0,0.0
43,:J4_11_0,0,0.0
43,:J4_12_0,0,0.0
43,:J4_13_0,0,0.0
43,:J4_14_0,0,0.0
43,:J4_15_0,0,0.0
43,:J4_1_0,0,0.0
43,:J4_2_0,0,0.0
43,:J4_3_0,0,0.0
43,:J4_4_0,0,0.0
43,:J4_5_0,0,0.0
43,:J4_6_0,0,0.0
43,:J4_7_0,0,0.0
43,:J4_8_0,0,0.0
43,:J4_9_0,0,0.0
43,:J5_0_0,0,0.0
43,:J5_1_0,0,0.0
43,:J5_2_0,0,0.0
43,:J5_3_0,0,0.0
43,:J5_4_0,0,0.0
43,:J5_5_0,0,0.0
43,:J5_6_0,0,0.0
43,:J6_0_0,0,0.0
43,:J6_1_0,0,0.0
43,:J6_2_0,0,0.0
43,:J6_3_0,1,1.6
43,:J6_4_0,0,0.0
43,:J6_5_0,0,0.0
43,:J6_6_0,0,0.0
43,:J7_0_0,0,0.0
43,:J7_1_0,0,0.0
43,:J8_0_0,0,0.0
43,:J8_1_0,0,0.0
43,:J9_0_0,0,0.0
43,:J9_1_0,0,0.0
43,E0_0,1,8.4
43,E10_0,1,0.0
43,E11_0,1,0.0
43,E12_0,1,0.0
43,E13_0,0,0.0
43,E14_0,0,0.0
43,E1_0,0,0.0
43,E2_0,1,0.0
43,E3_0,0,0.0
43,E5_0,0,0.0
43,E6_0,0,0.0
43,E7_0,0,0.0
43,E8_0,1,0.0
43,E9_0,0,0.0
44,-E0_0,0,0.0
44,-E10_0,0,0.0
44,-E11_0,0,0.0
44,-E12_0,1,0.0
44,-E13_0,0,0.0
44,-E14_0,1,0.0
44,-E1_0,4,6.800000000000001
44,-E2_0,0,0.0
44,-E3_0,0,0.0
44,-E5_0,0,0.0
44,-E6_0,1,0.0
44,-E7_0,1,1.6
44,-E8_0,0,0.0
44,-E9_0,0,0.0
44,:J10_0_0,1,0.0
44,:J10_1_0,0,0.0
44,:J2_0_0,0,0.0
44,:J2_10_0,0,0.0
44,:J2_11_0,0,0.0
44,:J2_12_0,0,0.0
44,:J2_13_0,0,0.0
44,:J2_14_0,0,0.0
44,:J2_15_0,0,0.0
44,:J2_1_0,0,0.0
44,:J2_2_0,0,0.0
44,:J2_3_0,0,0.0
44,:J2_4_0,0,0.0
44,:J2_5_0,0,0.0
44,:J2_6_0,0,0.0
44,:J2_7_0,0,0.0
44,:J2_8_0,0,0.0
44,:J2_9_0,0,0.0
44,:J3_0_0,0,0.0
44,:J3_10_0,0,0.0
44,:J3_11_0,0,0.0
44,:J3_12_0,0,0.0
44,:J3_13_0,0,0.0
44,:J3_14_0,0,0.0
44,:J3_15_0,0,0.0
44,:J3_1_0,0,0.0
44,:J3_2_0,0,0.0
44,:J3_3_0,0,0.0
44,:J3_4_0,0,0.0
44,:J3_5_0,0,0.0
44,:J3_6_0,0,0.0
44,:J3_7_0,0,0.0
44,:J3_8_0,0,0.0
44,:J3_9_0,0,0.0
44,:J4_0_0,0,0.0
44,:J4_10_0,0,0.0
44,:J4_11_0,0,0.0
44,:J4_12_0,0,0.0
44,:J4_13_0,0,0.0
44,:J4_14_0,0,0.0
44,:J4_15_0,0,0.0
44,:J4_1_0,0,0.0
44,:J4_2_0,1,0.0
44,:J4_3_0,0,0.0
44,:J4_4_0,0,0.0
44,:J4_5_0,0,0.0
44,:J4_6_0,0,0.0
44,:J4_7_0,0,0.0
44,:J4_8_0,0,0.0
44,:J4_9_0,0,0.0
44,:J5_0_0,0,0.0
44,:J5_1_0,0,0.0
44,:J5_2_0,0,0.0
44,:J5_3_0,0,0.0
44,:J5_4_0,0,0.0
44,:J5_5_0,0,0.0
44,:J5_6_0,0,0.0
44,:J6_0_0,0,0.0
44,:J6_1_0,0,0.0
44,:J6_2_0,0,0.0
44,:J6_3_0,1,2.0
44,:J6_4_0,0,0.0
44,:J6_5_0,0,0.0
44,:J6_6_0,0,0.0
44,:J7_0_0,0,0.0
44,:J7_1_0,0,0.0
44,:J8_0_0,0,0.0
44,:J8_1_0,0,0.0
44,:J9_0_0,0,0.0
44,:J9_1_0,0,0.0
44,E0_0,1,8.8
44,E10_0,1,0.0
44,E11_0,1,0.0
44,E12_0,1,0.0
44,E13_0,0,0.0
44,E14_0,0,0.0
44,E1_0,0,0.0
44,E2_0,1,0.0
44,E3_0,0,0.0
44,E5_0,0,0.0
44,E6_0,0,0.0
44,E7_0,0,0.0
44,E8_0,1,0.0
44,E9_0,0,0.0
45,-E0_0,0,0.0
45,-E10_0,0,0.0
45,-E11_0,0,0.0
45,-E12_0,1,0.0
45,-E13_0,0,0.0
45,-E14_0,1,0.0
45,-E1_0,4,7.6
45,-E2_0,0,0.0
45,-E3_0,0,0.0
45,-E5_0,0,0.0
45,-E6_0,1,0.0
45,-E7_0,1,2.0
45,-E8_0,0,0.0
45,-E9_0,0,0.0
45,:J10_0_0,0,0.0
45,:J10_1_0,0,0.0
45,:J2_0_0,0,0.0
45,:J2_10_0,0,0.0
45,:J2_11_0,0,0.0
45,:J2_12_0,0,0.0
45,:J2_13_0,0,0.0
45,:J2_14_0,0,0.0
45,:J2_15_0,0,0.0
45,:J2_1_0,0,0.0
45,:J2_2_0,0,0.0
45,:J2_3_0,0,0.0
45,:J2_4_0,0,0.0
45,:J2_5_0,0,0.0
45,:J2_6_0,0,0.0
45,:J2_7_0,0,0.0
45,:J2_8_0,0,0.0
45,:J2_9_0,0,0.0
45,:J3_0_0,0,0.0
45,:J3_10_0,0,0.0
45,:J3_11_0,0,0.0
45,:J3_12_0,0,0.0
45,:J3_13_0,0,0.0
45,:J3_14_0,0,0.0
45,:J3_15_0,0,0.0
45,:J3_1_0,0,0.0
45,:J3_2_0,0,0.0
45,:J3_3_0,0,0.0
45,:J3_4_0,0,0.0
45,:J3_5_0,0,0.0
45,:J3_6_0,0,0.0
45,:J3_7_0,0,0.0
45,:J3_8_0,0,0.0
45,:J3_9_0,0,0.0
45,:J4_0_0,0,0.0
45,:J4_10_0,0,0.0
45,:J4_11_0,0,0.0
45,:J4_12_0,1,0.0
45,:J4_13_0,0,0.0
45,:J4_14_0,0,0.0
45,:J4_15_0,0,0.0
45,:J4_1_0,0,0.0
45,:J4_2_0,0,0.0
45,:J4_3_0,0,0.0
45,:J4_4_0,0,0.0
45,:J4_5_0,0,0.0
45,:J4_6_0,0,0.0
45,:J4_7_0,0,0.0
45,:J4_8_0,0,0.0
45,:J4_9_0,0,0.0
45,:J5_0_0,0,0.0
45,:J5_1_0,0,0.0
45,:J5_2_0,0,0.0
45,:J5_3_0,0,0.0
45,:J5_4_0,0,0.0
45,:J5_5_0,0,0.0
45,:J5_6_0,0,0.0
45,:J6_0_0,0,0.0
45,:J6_1_0,1,0.0
45,:J6_2_0,0,0.0
45,:J6_3_0,1,2.4
45,:J6_4_0,0,0.0
45,:J6_5_0,0,0.0
45,:J6_6_0,0,0.0
45,:J7_0_0,0,0.0
45,:J7_1_0,0,0.0
45,:J8_0_0,0,0.0
45,:J8_1_0,0,0.0
45,:J9_0_0,0,0.0
45,:J9_1_0,0,0.0
45,E0_0,1,9.2
45,E10_0,1,0.0
45,E11_0,1,0.0
45,E12_0,2,0.0
45,E13_0,0,0.0
45,E14_0,0,0.0
45,E1_0,0,0.0
45,E2_0,1,0.0
45,E3_0,0,0.0
45,E5_0,0,0.0
45,E6_0,0,0.0
45,E7_0,0,0.0
45,E8_0,0,0.0
45,E9_0,0,0.0
46,-E0_0,0,0.0
46,-E10_0,0,0.0
46,-E11_0,0,0.0
46,-E12_0,1,0.0
46,-E13_0,0,0.0
46,-E14_0,1,0.0
46,-E1_0,4,8.4
46,-E2_0,0,0.0
46,-E3_0,0,0.0
46,-E5_0,0,0.0
46,-E6_0,1,0.0
46,-E7_0,1,2.4
46,-E8_0,0,0.0
46,-E9_0,0,0.0
46,:J10_0_0,0,0.0
46,:J10_1_0,0,0.0
46,:J2_0_0,0,0.0
46,:J2_10_0,0,0.0
46,:J2_11_0,0,0.0
46,:J2_12_0,0,0.0
46,:J2_13_0,0,0.0
46,:J2_14_0,0,0.0
46,:J2_15_0,0,0.0
46,:J2_1_0,0,0.0
46,:J2_2_0,0,0.0
46,:J2_3_0,0,0.0
46,:J2_4_0,0,0.0
46,:J2_5_0,0,0.0
46,:J2_6_0,0,0.0
46,:J2_7_0,0,0.0
46,:J2_8_0,0,0.0
46,:J2_9_0,0,0.0
46,:J3_0_0,0,0.0
46,:J3_10_0,0,0.0
46,:J3_11_0,0,0.0
46,:J3_12_0,0,0.0
46,:J3_13_0,0,0.0
46,:J3_14_0,0,0.0
46,:J3_15_0,0,0.0
46,:J3_1_0,0,0.0
46,:J3_2_0,0,0.0
46,:J3_3_0,0,0.0
46,:J3_4_0,0,0.0
46,:J3_5_0,0,0.0
46,:J3_6_0,0,0.0
46,:J3_7_0,0,0.0
46,:J3_8_0,0,0.0
46,:J3_9_0,0,0.0
46,:J4_0_0,0,0.0
46,:J4_10_0,0,0.0
46,:J4_11_0,0,0.0
46,:J4_12_0,1,0.0
46,:J4_13_0,0,0.0
46,:J4_14_0,0,0.0
46,:J4_15_0,0,0.0
46,:J4_1_0,0,0.0
46,:J4_2_0,0,0.0
46,:J4_3_0,0,0.0
46,:J4_4_0,0,0.0
46,:J4_5_0,0,0.0
46,:J4_6_0,0,0.0
46,:J4_7_0,0,0.0
46,:J4_8_0,0,0.0
46,:J4_9_0,0,0.0
46,:J5_0_0,0,0.0
46,:J5_1_0,0,0.0
46,:J5_2_0,0,0.0
46,:J5_3_0,0,0.0
46,:J5_4_0,0,0.0
46,:J5_5_0,0,0.0
46,:J5_6_0,0,0.0
46,:J6_0_0,0,0.0
46,:J6_1_0,1,0.0
46,:J6_2_0,0,0.0
46,:J6_3_0,1,2.8
46,:J6_4_0,0,0.0
46,:J6_5_0,0,0.0
46,:J6_6_0,0,0.0
46,:J7_0_0,0,0.0
46,:J7_1_0,0,0.0
46,:J8_0_0,0,0.0
46,:J8_1_0,0,0.0
46,:J9_0_0,0,0.0
46,:J9_1_0,0,0.0
46,E0_0,1,9.6
46,E10_0,1,0.0
46,E11_0,1,0.0
46,E12_0,2,0.0
46,E13_0,0,0.0
46,E14_0,0,0.0
46,E1_0,0,0.0
46,E2_0,1,0.0
46,E3_0,0,0.0
46,E5_0,0,0.0
46,E6_0,0,0.0
46,E7_0,0,0.0
46,E8_0,0,0.0
46,E9_0,0,0.0
47,-E0_0,0,0.0
47,-E10_0,0,0.0
47,-E11_0,0,0.0
47,-E12_0,1,0.0
47,-E13_0,0,0.0
47,-E14_0,2,0.0
47,-E1_0,4,9.2
47,-E2_0,0,0.0
47,-E3_0,0,0.0
47,-E5_0,0,0.0
47,-E6_0,1,0.0
47,-E7_0,1,2.8
47,-E8_0,0,0.0
47,-E9_0,0,0.0
47,:J10_0_0,0,0.0
47,:J10_1_0,0,0.0
47,:J2_0_0,0,0.0
47,:J2_10_0,0,0.0
47,:J2_11_0,0,0.0
47,:J2_12_0,0,0.0
47,:J2_13_0,0,0.0
47,:J2_14_0,0,0.0
47,:J2_15_0,0,0.0
47,:J2_1_0,0,0.0
47,:J2_2_0,0,0.0
47,:J2_3_0,0,0.0
47,:J2_4_0,0,0.0
47,:J2_5_0,0,0.0
47,:J2_6_0,0,0.0
47,:J2_7_0,0,0.0
47,:J2_8_0,0,0.0
47,:J2_9_0,0,0.0
47,:J3_0_0,0,0.0
47,:J3_10_0,0,0.0
47,:J3_11_0,0,0.0
47,:J3_12_0,0,0.0
47,:J3_13_0,0,0.0
47,:J3_14_0,0,0.0
47,:J3_15_0,0,0.0
47,:J3_1_0,0,0.0
47,:J3_2_0,0,0.0
47,:J3_3_0,0,0.0
47,:J3_4_0,0,0.0
47,:J3_5_0,0,0.0
47,:J3_6_0,0,0.0
47,:J3_7_0,0,0.0
47,:J3_8_0,0,0.0
47,:J3_9_0,0,0.0
47,:J4_0_0,0,0.0
47,:J4_10_0,0,0.0
47,:J4_11_0,0,0.0
47,:J4_12_0,1,0.0
47,:J4_13_0,0,0.0
47,:J4_14_0,0,0.0
47,:J4_15_0,0,0.0
47,:J4_1_0,0,0.0
47,:J4_2_0,0,0.0
47,:J4_3_0,0,0.0
47,:J4_4_0,0,0.0
47,:J4_5_0,0,0.0
47,:J4_6_0,0,0.0
47,:J4_7_0,0,0.0
47,:J4_8_0,0,0.0
47,:J4_9_0,0,0.0
47,:J5_0_0,0,0.0
47,:J5_1_0,0,0.0
47,:J5_2_0,0,0.0
47,:J5_3_0,0,0.0
47,:J5_4_0,0,0.0
47,:J5_5_0,0,0.0
47,:J5_6_0,0,0.0
47,:J6_0_0,0,0.0
47,:J6_1_0,0,0.0
47,:J6_2_0,0,0.0
47,:J6_3_0,1,3.2
47,:J6_4_0,0,0.0
47,:J6_5_0,0,0.0
47,:J6_6_0,0,0.0
47,:J7_0_0,0,0.0
47,:J7_1_0,0,0.0
47,:J8_0_0,0,0.0
47,:J8_1_0,0,0.0
47,:J9_0_0,0,0.0
47,:J9_1_0,0,0.0
47,E0_0,1,10.0
47,E10_0,1,0.0
47,E11_0,1,0.0
47,E12_0,2,0.0
47,E13_0,0,0.0
47,E14_0,0,0.0
47,E1_0,0,0.0
47,E2_0,1,0.4
47,E3_0,0,0.0
47,E5_0,0,0.0
47,E6_0,1,0.0
47,E7_0,0,0.0
47,E8_0,0,0.0
47,E9_0,0,0.0
48,-E0_0,0,0.0
48,-E10_0,0,0.0
48,-E11_0,0,0.0
48,-E12_0,0,0.0
48,-E13_0,0,0.0
48,-E14_0,2,0.0
48,-E1_0,4,10.4
48,-E2_0,0,0.0
48,-E3_0,0,0.0
48,-E5_0,0,0.0
48,-E6_0,1,0.0
48,-E7_0,1,3.2
48,-E8_0,0,0.0
48,-E9_0,0,0.0
48,:J10_0_0,0,0.0
48,:J10_1_0,0,0.0
48,:J2_0_0,0,0.0
48,:J2_10_0,0,0.0
48,:J2_11_0,0,0.0
48,:J2_12_0,0,0.0
48,:J2_13_0,0,0.0
48,:J2_14_0,0,0.0
48,:J2_15_0,0,0.0
48,:J2_1_0,0,0.0
48,:J2_2_0,0,0.0
48,:J2_3_0,0,0.0
48,:J2_4_0,0,0.0
48,:J2_5_0,0,0.0
48,:J2_6_0,0,0.0
48,:J2_7_0,0,0.0
48,:J2_8_0,0,0.0
48,:J2_9_0,0,0.0
48,:J3_0_0,0,0.0
48,:J3_10_0,0,0.0
48,:J3_11_0,0,0.0
48,:J3_12_0,0,0.0
48,:J3_13_0,0,0.0
48,:J3_14_0,0,0.0
48,:J3_15_0,0,0.0
48,:J3_1_0,0,0.0
48,:J3_2_0,0,0.0
48,:J3_3_0,0,0.0
48,:J3_4_0,0,0.0
48,:J3_5_0,0,0.0
48,:J3_6_0,0,0.0
48,:J3_7_0,0,0.0
48,:J3_8_0,0,0.0
48,:J3_9_0,0,0.0
48,:J4_0_0,0,0.0
48,:J4_10_0,0,0.0
48,:J4_11_0,0,0.0
48,:J4_12_0,1,0.0
48,:J4_13_0,0,0.0
48,:J4_14_0,0,0.0
48,:J4_15_0,0,0.0
48,:J4_1_0,0,0.0
48,:J4_2_0,0,0.0
48,:J4_3_0,0,0.0
48,:J4_4_0,0,0.0
48,:J4_5_0,0,0.0
48,:J4_6_0,0,0.0
48,:J4_7_0,0,0.0
48,:J4_8_0,0,0.0
48,:J4_9_0,0,0.0
48,:J5_0_0,0,0.0
48,:J5_1_0,0,0.0
48,:J5_2_0,0,0.0
48,:J5_3_0,0,0.0
48,:J5_4_0,0,0.0
48,:J5_5_0,0,0.0
48,:J5_6_0,0,0.0
48,:J6_0_0,0,0.0
48,:J6_1_0,0,0.0
48,:J6_2_0,0,0.0
48,:J6_3_0,0,0.0
48,:J6_4_0,0,0.0
48,:J6_5_0,0,0.0
48,:J6_6_0,1,0.0
48,:J7_0_0,0,0.0
48,:J7_1_0,0,0.0
48,:J8_0_0,0,0.0
48,:J8_1_0,0,0.0
48,:J9_0_0,0,0.0
48,:J9_1_0,0,0.0
48,E0_0,1,10.4
48,E10_0,1,0.0
48,E11_0,1,0.0
48,E12_0,2,0.0
48,E13_0,0,0.0
48,E14_0,0,0.0
48,E1_0,0,0.0
48,E2_0,2,0.8
48,E3_0,0,0.0
48,E5_0,0,0.0
48,E6_0,1,0.0
48,E7_0,0,0.0
48,E8_0,0,0.0
48,E9_0,0,0.0
49,-E0_0,0,0.0
49,-E10_0,0,0.0
49,-E11_0,0,0.0
49,-E12_0,0,0.0
49,-E13_0,0,0.0
49,-E14_0,2,0.0
49,-E1_0,4,11.600000000000001
49,-E2_0,0,0.0
49,-E3_0,0,0.0
49,-E5_0,0,0.0
49,-E6_0,1,0.0
49,-E7_0,1,3.6
49,-E8_0,0,0.0
49,-E9_0,0,0.0
49,:J10_0_0,0,0.0
49,:J10_1_0,0,0.0
49,:J2_0_0,0,0.0
49,:J2_10_0,0,0.0
49,:J2_11_0,0,0.0
49,:J2_12_0,0,0.0
49,:J2_13_0,0,0.0
49,:J2_14_0,0,0.0
49,:J2_15_0,0,0.0
49,:J2_1_0,0,0.0
49,:J2_2_0,0,0.0
49,:J2_3_0,0,0.0
49,:J2_4_0,0,0.0
49,:J2_5_0,0,0.0
49,:J2_6_0,0,0.0
49,:J2_7_0,0,0.0
49,:J2_8_0,0,0.0
49,:J2_9_0,0,0.0
49,:J3_0_0,0,0.0
49,:J3_10_0,0,0.0
49,:J3_11_0,0,0.0
49,:J3_12_0,0,0.0
49,:J3_13_0,0,0.0
49,:J3_14_0,0,0.0
49,:J3_15_0,0,0.0
49,:J3_1_0,0,0.0
49,:J3_2_0,0,0.0
49,:J3_3_0,0,0.0
49,:J3_4_0,0,0.0
49,:J3_5_0,0,0.0
49,:J3_6_0,0,0.0
49,:J3_7_0,0,0.0
49,:J3_8_0,0,0.0
49,:J3_9_0,0,0.0
49,:J4_0_0,0,0.0
49,:J4_10_0,0,0.0
49,:J4_11_0,0,0.0
49,:J4_12_0,0,0.0
49,:J4_13_0,0,0.0
49,:J4_14_0,0,0.0
49,:J4_15_0,0,0.0
49,:J4_1_0,0,0.0
49,:J4_2_0,0,0.0
49,:J4_3_0,0,0.0
49,:J4_4_0,0,0.0
49,:J4_5_0,0,0.0
49,:J4_6_0,0,0.0
49,:J4_7_0,0,0.0
49,:J4_8_0,0,0.0
49,:J4_9_0,0,0.0
49,:J5_0_0,0,0.0
49,:J5_1_0,0,0.0
49,:J5_2_0,0,0.0
49,:J5_3_0,0,0.0
49,:J5_4_0,0,0.0
49,:J5_5_0,1,0.0
49,:J5_6_0,0,0.0
49,:J6_0_0,0,0.0
49,:J6_1_0,0,0.0
49,:J6_2_0,0,0.0
49,:J6_3_0,0,0.0
49,:J6_4_0,0,0.0
49,:J6_5_0,0,0.0
49,:J6_6_0,1,0.0
49,:J7_0_0,0,0.0
49,:J7_1_0,0,0.0
49,:J8_0_0,0,0.0
49,:J8_1_0,0,0.0
49,:J9_0_0,0,0.0
49,:J9_1_0,0,0.0
49,E0_0,1,10.8
49,E10_0,0,0.0
49,E11_0,1,0.0
49,E12_0,2,0.0
49,E13_0,0,0.0
49,E14_0,0,0.0
49,E1_0,0,0.0
49,E2_0,2,1.2
49,E3_0,0,0.0
49,E5_0,0,0.0
49,E6_0,1,0.0
49,E7_0,1,0.0
49,E8_0,0,0.0
49,E9_0,0,0.0
